"Word","IPA","POS","Inflections","Definition","Example","Collocations","Context_Type"
"laconic","/ləˈkɑːnɪk/","adj.","laconically","言簡意賅的；簡潔的","His laconic reply of 'no' didn't leave much room for further discussion.","laconic reply; laconic prose","Social"
"insipid","/ɪnˈsɪpɪd/","adj.","insipidly","乏味的；淡而無味的","The movie's plot was so insipid that half the audience left before the end.","insipid conversation; insipid soup","Social"
"prosaic","/prəʊˈzeɪɪk/","adj.","prosaically","平凡的；乏味的；無想像力的","I expected a romantic proposal, but he kept it pretty prosaic, just asking over dinner.","prosaic life; prosaic observation","Social"
"alacrity","/əˈlækrəti/","n.","-","欣然；敏捷；樂意","She accepted the job offer with alacrity, signing the contract within minutes.","with alacrity; respond with alacrity","Workplace"
"pellucid","/pə/ˈluːsɪd/","adj.","pellucidly","清晰易懂的；清澈透明的","The professor's explanation of the complex theorem was surprisingly pellucid.","pellucid prose; pellucid water","Academic"
"corroborate","/kəˈrɑːbəreɪt/","v.","corroborated, corroborating","證實；支撐（說法或理論）","The witness's testimony corroborated the suspect's alibi, so they let him go.","corroborate a story; corroborate evidence","Legal"
"mercurial","/mɜːrˈkjʊriəl/","adj.","mercurially","反覆無常的；情緒多變的","His mercurial temperament makes it hard to predict how he'll react to bad news.","mercurial personality; mercurial nature","Social"
"belie","/bɪˈlaɪ/","v.","belied, belying","掩飾；與…不符","Her youthful appearance belies the fact that she's actually in her late forties.","belie one's age; belie expectations","Social"
"idiosyncrasy","/ˌɪdiəˈsɪŋkrəsi/","n.","idiosyncrasies","獨特的習性；癖好","One of his idiosyncrasies is that he always counts his steps while walking.","personal idiosyncrasy; peculiar idiosyncrasy","Social"
"didactic","/daɪˈdæktɪk/","adj.","didactically","說教式的；教導的","I like his books, but sometimes the tone gets a bit too didactic for my taste.","didactic tone; didactic approach","Academic"
"loquacious","/loʊˈkweɪʃəs/","adj.","loquaciously","多話的；健談的","He's so loquacious that a simple 'hello' can turn into a thirty-minute lecture.","loquacious neighbor; loquacious host","Social"
"placate","/ˈpleɪkeɪt/","v.","placated, placating","撫慰；平息（憤怒）","The airline tried to placate the stranded passengers by offering free meal vouchers.","placate someone; placate anger","Workplace"
"esoteric","/ˌesəˈterɪk/","adj.","esoterically","深奧難懂的；少數人懂的","The group's discussion revolved around esoteric philosophical concepts I couldn't follow.","esoteric knowledge; esoteric terminology","Academic"
"pithy","/ˈpɪθi/","adj.","pithier, pithiest","簡練有力的；言簡意賅的","She's known for her pithy comments that sum up the whole situation in just a few words.","pithy remark; pithy saying","Social"
"adulterate","/əˈdʌltəreɪt/","v.","adulterated, adulterating","摻雜；摻假","They were fined for trying to adulterate the milk with water to increase profits.","adulterate food; adulterate drugs","Workplace"
"vociferous","/voʊˈsɪfərəs/","adj.","vociferously","大聲喧嚷的；大聲抗議的","The proposal met with vociferous opposition from local residents at the meeting.","vociferous protest; vociferous critic","Social"
"misanthrope","/ˈmɪsənθroʊp/","n.","misanthropes","厭世者；討厭人類的人","He's not a misanthrope; he just prefers his own company over noisy parties.","confirmed misanthrope; cynical misanthrope","Social"
"lionize","/ˈlaɪənaɪz/","v.","lionized, lionizing","把…視為名人；崇拜","The press started to lionize him after he saved those kids from the burning building.","be lionized by; lionize a hero","Social"
"equivocate","/ɪˈkwɪvəkeɪt/","v.","equivocated, equivocating","含糊其詞；模稜兩可地說","Stop equivocating and tell us exactly where you stand on this new policy.","refuse to equivocate; equivocate on an issue","Workplace"
"malign","/məˈlaɪn/","v.","maligned, maligning","誹謗；中傷","The rumors were started by a rival who wanted to malign her reputation.","malign influence; malign someone's character","Social"
"docile","/ˈdɒsaɪl/","adj.","docility","溫順的；容易駕馭的","Although he looks tough, he's actually pretty docile and does whatever his wife tells him to.","docile temperament; docile animal","Social"
"chicanery","/ʃɪˈkeɪnəri/","n.","-","詭計；欺騙；狡辯","The politician used all sorts of legal chicanery to avoid paying his taxes.","political chicanery; legal chicanery","Workplace"
"providential","/ˌprɒvɪˈdenʃl/","adj.","providentially","幸運的；湊巧的；天佑的","It was truly providential that we'd left the building just minutes before the earthquake hit.","providential timing; providential escape","Social"
"diffidence","/ˈdɪfɪdəns/","n.","diffident, diffidently","缺乏自信；羞怯；膽怯","She overcame her natural diffidence and gave a brilliant speech to the entire school.","overcome diffidence; natural diffidence","Social"
"soporific","/ˌsɒpəˈrɪfɪk/","adj.","soporifically","令人昏昏欲睡的","I found the professor's lecture so soporific that I nearly fell asleep in the front row.","soporific effect; soporific lecture","Academic"
"recalcitrant","/rɪˈkælsɪtrənt/","adj.","recalcitrance","頑抗的；不聽話的；難以控制的","The school struggled to manage a few recalcitrant students who refused to follow any rules.","recalcitrant child; recalcitrant attitude","Social"
"pusillanimous","/ˌpjuːsɪˈlænɪməs/","adj.","pusillanimously","膽怯的；優柔寡斷的","He's too pusillanimous to stand up for what he believes in when things get tough.","pusillanimous behavior; pusillanimous leader","Social"
"pedant","/ˈpednt/","n.","pedantic, pedantically","賣弄學問者；書呆子；學究","I hate to be a pedant, but you've actually misspelled the word on the second line.","academic pedant; tiresome pedant","Social"
"vacillate","/ˈvæsəleɪt/","v.","vacillated, vacillating","猶豫；搖擺不定","I'm still vacillating between the two job offers; they both have their pros and cons.","vacillate between; vacillate on an issue","Workplace"
"inimical","/ɪˈnɪmɪkl/","adj.","inimically","有害的；敵意的；不利的","The new regulations are seen as inimical to small businesses trying to grow.","inimical to progress; inimical conditions","Academic"
"antidote","/ˈæntidəʊt/","n.","antidotes","解毒藥；對抗手段","Scientists are racing to find an effective antidote for this specific neurotoxin.","antidote for poison; universal antidote","Academic"
"gerontocracy","/ˌdʒerənˈtɒkrəsi/","n.","gerontocracies","老人政治","In some traditional societies, a gerontocracy is viewed as a way to preserve wisdom and stability.","rule of gerontocracy; political gerontocracy","Academic"
"braggart","/ˈbræɡərt/","n.","braggarts","吹牛者；自誇的人","He's such a braggart that nobody really believes his stories about meeting celebrities anymore.","insufferable braggart; loudmouthed braggart","Social"
"amalgamate","/əˈmæɡəmeɪt/","v.","amalgamated, amalgamating","合併；聯合","The two technology giants decided to amalgamate to better compete in the global market.","amalgamate companies; amalgamate data","Workplace"
"abscond","/əbˈskɒnd/","v.","absconded, absconding","潛逃；偷偷溜走","The accountant absconded with millions of dollars from the pension fund last night.","abscond with funds; abscond from custody","Legal"
"relapse","/rɪˈlæps/","v. / n.","relapsed, relapsing","舊病復發；故態復萌","He stayed sober for a year but unfortunately relapsed after losing his job.","suffer a relapse; relapse into old habits","Social"
"livid","/ˈlɪvɪd/","adj.","lividly","非常生氣的；（臉色）青紫的","My boss was absolutely livid when he found out we'd missed the deadline again.","be livid with rage; absolutely livid","Social"
"nihilism","/ˈnaɪɪlɪzəm/","n.","-","虛無主義","His early poetry was criticized for its sense of nihilism and lack of hope for the future.","embrace nihilism; philosophical nihilism","Academic"
"ossify","/ˈɒsɪfaɪ/","v.","ossified, ossifying","（習慣或思想）僵化；骨化","Bureaucratic systems often tend to ossify, making them slow to react to new challenges.","ossified thinking; ossify into dogma","Academic"
"encapsulate","/ɪnˈkæpsjuleɪt/","v.","encapsulated, encapsulating","扼要表述；壓縮；概括","The speaker's closing remarks perfectly encapsulated the main arguments of the symposium.","encapsulate an idea; encapsulate a theory","Academic"
"antipathy","/ænˈtɪpəθi/","n.","antipathies","厭惡；反感","There's a deep-seated antipathy between the two rival factions in the city council.","feel antipathy toward; mutual antipathy","Social"
"credence","/ˈkriːdns/","n.","-","信任；相信；憑證","The recent discovery of new fossils lends further credence to the theory of evolution.","give credence to; lend credence to","Academic"
"diatribe","/ˈdaɪətraɪb/","n.","diatribes","怒斥；抨擊","The senator launched into a long diatribe against the proposed tax reforms.","launch a diatribe; fierce diatribe","Workplace"
"hackneyed","/ˈhæknid/","adj.","-","陳腐的；老套的","The movie's plot was full of hackneyed tropes that we've all seen a hundred times before.","hackneyed expression; hackneyed plot","Social"
"iconoclast","/aɪˈkɒnəklæst/","n.","iconoclasts","反傳統信仰者；破除習俗者","As an iconoclast in the art world, she's always looking for ways to shock the establishment.","religious iconoclast; cultural iconoclast","Academic"
"laud","/lɔːd/","v.","lauded, lauding","讚美；稱讚","Critics were quick to laud the young pianist's debut performance as a masterpiece.","laud the efforts; highly lauded","Workplace"
"mollify","/ˈmɒlɪfaɪ/","v.","mollified, mollifying","使平靜；撫慰；緩和","The manager tried to mollify the angry customer by offering a full refund and a gift card.","mollify an opponent; mollify anger","Workplace"
"nonplussed","/ˌnɒnˈplʌst/","adj.","-","驚慌失措的；困惑的","He was completely nonplussed by the sudden change in plans and didn't know what to say.","be nonplussed by; look nonplussed","Social"
"onerous","/ˈəʊnərəs/","adj.","onerously","繁重的；艱鉅的","Managing the company's complex logistics proved to be an increasingly onerous task.","onerous responsibility; onerous duties","Workplace"
"ingest","/ɪnˈdʒest/","v.","ingested, ingesting","攝取；嚥下","Some species of birds unknowingly ingest pieces of plastic thinking it's food.","ingest food; ingest toxic substances","Academic"
"poseur","/pəʊˈzɜːr/","n.","poseurs","惺惺作態的人；裝腔作勢的人","Everyone can tell he's just a poseur trying to look cool in that expensive sports car.","pretentious poseur; social poseur","Social"
"gait","/ɡeɪt/","n.","gaits","步態；步履","I recognized him instantly by his distinctive, bouncy gait as he walked down the street.","steady gait; awkward gait","Social"
"sluggard","/ˈslʌɡəd/","n.","sluggards","懶鬼；愛偷懶的人","Get up, you sluggard! We've got a lot of work to do today and we're already late.","lazy sluggard; habitual sluggard","Social"
"torque","/tɔːrk/","n.","-","扭力；轉矩","The new electric motor generates massive torque, allowing the car to accelerate rapidly.","engine torque; high torque","Academic"
"complaisant","/kəmˈpleɪzənt/","adj.","complaisantly","彬彬有禮的；殷勤的；順從的","She's so complaisant that she often ends up doing other people's work just to avoid conflict.","complaisant nature; complaisant manner","Social"
"shard","/ʃɑːrd/","n.","shards","碎片（特別是陶瓷、玻璃或金屬）","Be careful not to step on those shards of glass from the broken window.","shards of pottery; jagged shard","Social"
"misogynist","/mɪˈsɒdʒənɪst/","n.","misogynists","厭惡女人的男人","His comments were widely condemned as the views of a narrow-minded misogynist.","blatant misogynist; avowed misogynist","Social"
"abysmal","/əˈbɪzməl/","adj.","abysmally","極壞的；糟透了的","The living conditions in the refugee camp were described as truly abysmal.","abysmal failure; abysmal weather","Social"
"recuperate","/rɪˈkuːpəreɪt/","v.","recuperated, recuperating","恢復；康復；挽回","After the grueling marathon, it took her several weeks to fully recuperate.","recuperate from surgery; recuperate losses","Social"
"immutable","/ɪˈmjuːtəbl/","adj.","immutably","永遠不變的；恆久的","The fundamental laws of physics are considered immutable truths of our universe.","immutable law; immutable fact","Academic"
"mite","/maɪt/","n.","mites","一點點；微量","I'm a mite worried that we won't reach the summit before the storm hits.","a mite suspicious; a tiny mite","Social"
"coagulation","/kəʊˌæɡjuˈleɪʃn/","n.","-","凝結；凝固","Vitamin K plays a crucial role in the process of blood coagulation after an injury.","blood coagulation; promote coagulation","Academic"
"centurion","/senˈtʃʊəriən/","n.","centurions","古羅馬百人隊長","The historical novel depicts the life of a centurion serving on the frontiers of the empire.","Roman centurion; centurion's command","Academic"
"buoyant","/ˈbɔɪənt/","adj.","buoyantly","有浮力的；心情愉快的","The discovery of a new market kept the investors in a buoyant mood all week.","buoyant mood; buoyant economy","Workplace"
"pilfer","/ˈpɪlfər/","v.","pilfered, pilfering","小偷小摸；偷竊","The warehouse manager noticed that someone had been pilfering small electronic parts.","pilfer from work; pilfer goods","Workplace"
"lampoon","/læmˈpuːn/","v. / n.","lampooned, lampooning","諷刺；嘲諷","The late-night talk show host is famous for how he lampoons current political leaders.","mercilessly lampoon; biting lampoon","Social"
"skit","/skɪt/","n.","skits","幽默短劇；小品","The students performed a hilarious skit mocking the school's strict dress code.","comedy skit; short skit","Social"
"euthanasia","/ˌjuːθəˈneɪziə/","n.","-","安樂死","The ethics of euthanasia remain a deeply controversial topic in medical and legal circles.","voluntary euthanasia; passive euthanasia","Academic"
"cognizant","/ˈkɒɡnɪzənt/","adj.","-","意識到的；察覺到的","We must be cognizant of the fact that our resources are limited and need careful management.","cognizant of risks; fully cognizant","Workplace"
"alcove","/ˈælkəʊv/","n.","alcoves","凹室；壁龕","I found a quiet alcove in the library where I could study without any distractions.","breakfast alcove; cozy alcove","Social"
"convoluted","/ˈkɒnvəluːtɪd/","adj.","-","複雜的；費解的；盤繞的","The legal document was written in such convoluted language that even the lawyers were confused.","convoluted plot; convoluted argument","Academic"
"irrevocable","/ɪˈrevəkəbl/","adj.","irrevocably","不可撤回的；不可改變的","Once the contract is signed, the agreement becomes irrevocable for both parties.","irrevocable decision; irrevocable step","Legal"
"warmonger","/ˈwɔːmʌŋɡər/","n.","warmongers","好戰者；戰爭販子","The editorial criticized the prime minister, calling him a warmonger for his aggressive foreign policy.","political warmonger; dangerous warmonger","Social"
"wince","/wɪns/","v.","winced, wincing","臉部肌肉抽動；（因疼痛等）畏縮","I couldn't help but wince when the nurse inserted the needle into my arm.","wince in pain; wince at the memory","Social"
"precursor","/ˌpriːˈkɜːrsər/","n.","precursors","先驅；前兆","Low-level inflation is often seen by economists as a precursor to a major recession.","precursor to war; natural precursor","Academic"
"exculpate","/ˈekskʌlpeɪt/","v.","exculpated, exculpating","開脫；證明…無罪","The defense lawyer hoped that the new DNA evidence would eventually exculpate his client.","exculpate from blame; exculpate a suspect","Legal"
"abrade","/əˈbreɪd/","v.","abraded, abrading","磨損；刮除","The rough surface of the rock can easily abrade the skin if you're not careful.","abrade the surface; abraded skin","Social"
"quandary","/ˈkwɒndəri/","n.","quandaries","困境；進退兩難","I'm in a quandary about whether to take the promotion or stay in my current role.","in a real quandary; moral quandary","Social"
"polemic","/pəˈlemɪk/","n.","polemics","激烈的辯論；辯論文章","The book is a fierce polemic against the negative effects of social media on teenagers.","fierce polemic; religious polemic","Academic"
"reciprocity","/ˌresɪˈprɒsəti/","n.","-","互惠；互助","International trade agreements are often based on the principle of reciprocity between nations.","level of reciprocity; mutual reciprocity","Academic"
"swerve","/swɜːrv/","v.","swerved, swerving","突然轉向","The driver had to swerve sharply to avoid hitting a deer that ran onto the road.","swerve off the road; swerve to avoid","Social"
"peccadillo","/ˌpekəˈdɪləʊ/","n.","peccadilloes","小錯誤；小瑕疵","In the grand scheme of things, a forgotten appointment is just a minor peccadillo.","minor peccadillo; forgive a peccadillo","Social"
"dawdle","/ˈdɔːdl/","v.","dawdled, dawdling","磨蹭；混時間","Stop dawdling and finish your homework, or you won't be allowed to watch TV later.","dawdle over breakfast; dawdle along","Social"
"noxious","/ˈnɒkʃəs/","adj.","-","有害的；有毒的","The factory was fined for releasing noxious fumes into the local atmosphere.","noxious gas; noxious influence","Academic"
"compunction","/kəmˈpʌŋkʃn/","n.","-","良心不安；內疚","He felt no compunction about lying to his boss to get a few extra days off.","feel no compunction; without compunction","Social"
"coerce","/kəʊˈɜːrs/","v.","coerced, coercing","強迫；脅迫","The suspects claimed they were coerced into making a confession by the police.","coerce into action; coerce a confession","Legal"
"stipulate","/ˈstɪpjuleɪt/","v.","stipulated, stipulating","規定；約定","The contract stipulates that all work must be completed by the end of the month.","stipulate conditions; clearly stipulate","Legal"
"idolatry","/aɪˈdɒlətri/","n.","-","偶像崇拜；盲目崇拜","The fans' devotion to the pop star verged on a kind of intense, modern-day idolatry.","fall into idolatry; blind idolatry","Social"
"floe","/fləʊ/","n.","floes","浮冰塊","The researchers watched as a group of seals rested on a large ice floe in the Arctic.","ice floe; drifting floe","Academic"
"viscous","/ˈvɪskəs/","adj.","-","黏稠的","As the temperature drops, the oil becomes more viscous and doesn't flow as easily.","viscous liquid; highly viscous","Academic"
"topple","/ˈtɒpl/","v.","toppled, toppling","推翻；倒塌","The protestors successfully toppled the statue of the former dictator in the town square.","topple a government; topple over","Social"
"deviance","/ˈdiːviəns/","n.","deviances","異常行為；偏離","Sociologists study deviance to understand how social norms are established and maintained.","social deviance; sexual deviance","Academic"
"variegate","/ˈveəriəɡeɪt/","v.","variegated, variegating","使多樣化；使呈雜色","The gardener chose different species to variegate the colors in the flower beds.","variegated leaves; variegate colors","Academic"
"malevolence","/məˈlevələns/","n.","-","惡意；狠毒","The villain in the story is characterized by his pure malevolence and lack of empathy.","act of malevolence; pure malevolence","Social"
"calisthenics","/ˌkælɪsˈθenɪks/","n.","-","健美操；體操","Our physical education classes always start with ten minutes of basic calisthenics.","daily calisthenics; perform calisthenics","Social"
"regicide","/ˈredʒɪsaɪd/","n.","regicides","弒君；大逆不道","The play explores the political and moral consequences of committing regicide.","commit regicide; act of regicide","Academic"
"recluse","/rɪˈkluːs/","n.","recluses","隱遁者；遁世者","After his retirement, the famous author lived as a recluse in a remote mountain cabin.","become a recluse; social recluse","Social"
"pungency","/ˈpʌndʒənsi/","n.","-","辛辣；尖銳","The pungency of the fresh ginger added a sharp, refreshing kick to the stir-fry.","pungency of smoke; chemical pungency","Academic"
"finesse","/fɪˈnes/","n. / v.","finessed, finessing","技巧；手腕","She handled the difficult negotiation with great finesse, keeping both sides happy.","political finesse; handle with finesse","Workplace"
"indomitable","/ɪnˈdɒmɪtəbl/","adj.","-","不屈不撓的","Despite facing numerous setbacks, her indomitable spirit kept her moving forward.","indomitable courage; indomitable will","Social"
"supersede","/ˌsuːpəˈsiːd/","v.","superseded, superseding","取代；替代","New digital technologies have largely superseded older, analog methods of recording.","supersede old laws; be superseded by","Academic"
"apropos","/ˌæprəˈpəʊ/","adj. / prep.","-","關於；中肯的；適時的","Her comments about the budget were very apropos, considering our current financial situation.","apropos of nothing; apropos to the discussion","Workplace"
"aversion","/əˈvɜːrʒn/","n.","aversions","厭惡；反感","He has a deep-seated aversion to public speaking and tries to avoid it at all costs.","strong aversion; feel aversion toward","Social"
"shun","/ʃʌn/","v.","shunned, shunning","避開；避免","After the scandal, many of his former friends began to shun him in public.","shun publicity; shun contact","Social"
"smolder","/ˈsməʊldər/","v.","smoldered, smoldering","悶燒；（感情）潛伏","The fire continued to smolder for hours after the main flames had been put out.","smoldering resentment; smoldering ruins","Social"
"trickle","/ˈtrɪkl/","v. / n.","trickled, trickling","滴流；細流","A small stream of water began to trickle down the rock face after the rain.","trickle down; steady trickle","Academic"
"enthrall","/ɪnˈθrɔːl/","v.","enthralled, enthralling","迷住；吸引","The magician's performance was so amazing that it enthralled the entire audience.","enthralled by beauty; enthralling story","Social"
"avow","/əˈvaʊ/","v.","avowed, avowing","公開聲明；承認","He decided to avow his true intentions before the meeting even started.","avow one's faith; openly avow","Workplace"
"castigate","/ˈkæstɪɡeɪt/","v.","castigated, castigating","申斥；嚴厲譴責","The editorial was written to castigate the government for its slow response to the crisis.","castigate someone for; severely castigate","Workplace"
"pillage","/ˈpɪlɪdʒ/","v. / n.","pillaged, pillaging","掠奪；搶劫","During the war, several ancient cities were unfortunately pillaged by invading forces.","pillage and loot; systematic pillage","Academic"
"jabber","/ˈdʒæbər/","v. / n.","jabbered, jabbering","吱吱喳喳地說；急促而含糊地說","She was so nervous that she started to jabber about anything that came to mind.","jabber incessantly; jabbering idiot","Social"
"chortle","/ˈtʃɔːrtl/","v. / n.","chortled, chortling","咯咯地笑；得意的笑","He couldn't help but chortle with delight when he saw the look on his friend's face.","chortle with glee; give a chortle","Social"
"implosion","/ɪmˈpləʊʒn/","n.","implosions","內爆；向內崩潰","The controlled implosion of the old building was watched by thousands of spectators.","economic implosion; massive implosion","Academic"
"calipers","/ˈkælɪpərz/","n.","-","卡鉗；遊標卡尺","The machinist used digital calipers to ensure that every part was accurate to the millimeter.","vernier calipers; use calipers","Workplace"
"resuscitation","/rɪˌsʌsɪˈteɪʃn/","n.","-","復甦；急救","The medical team performed cardiopulmonary resuscitation on the patient for twenty minutes.","emergency resuscitation; cardiac resuscitation","Academic"
"aseptic","/eɪˈseptɪk/","adj.","aseptically","無菌的","Surgery must be performed in a strictly aseptic environment to prevent infection.","aseptic technique; aseptic packaging","Academic"
"poncho","/ˈpɒntʃəʊ/","n.","ponchos","披風式雨衣；斗篷","It started to rain, so I pulled out my plastic poncho to keep my backpack dry.","waterproof poncho; colorful poncho","Social"
"grandiloquent","/ɡrænˈdɪləkwənt/","adj.","grandiloquently","言辭誇張的；賣弄詞藻的","His grandiloquent speech was full of big words but didn't actually say very much.","grandiloquent style; grandiloquent language","Academic"
"boorish","/ˈbʊərɪʃ/","adj.","boorishly","粗野的；無禮的","He apologized for his friend's boorish behavior at the party the night before.","boorish manners; boorish comments","Social"
"ebullient","/ɪˈbʌliənt/","adj.","ebulliently","興高采烈的；熱情洋溢的","She was in an ebullient mood after finding out that she'd been accepted to Harvard.","ebullient personality; ebullient welcome","Social"
"ostracism","/ˈɒstrəsɪzəm/","n.","-","排斥；放逐","In many ancient societies, ostracism was used as a political tool to remove dangerous individuals.","social ostracism; face ostracism","Academic"
"arabesque","/ˌærəˈbesk/","n.","arabesques","阿拉伯式圖案；蔓藤圖案","The walls of the mosque were decorated with intricate arabesques and geometric patterns.","intricate arabesque; arabesque design","Academic"
"cantankerous","/kænˈtæŋkərəs/","adj.","cantankerously","愛吵架的；脾氣壞的","He's become quite cantankerous in his old age, complaining about everything from the weather to the food.","cantankerous old man; cantankerous mood","Social"
"hoodwink","/ˈhʊdwɪŋk/","v.","hoodwinked, hoodwinking","欺騙；哄騙","Don't let them hoodwink you into signing a contract you haven't fully read yet.","hoodwink someone into; be hoodwinked by","Social"
"conundrum","/kəˈnʌndrəm/","n.","conundrums","難題；謎題","The mystery of how the pyramids were built remains a fascinating conundrum for archaeologists.","solve a conundrum; intellectual conundrum","Academic"
"apotheosis","/əˌpɒθiˈəʊsɪs/","n.","apotheoses","神化；典型；巔峰","Many critics consider this novel to be the apotheosis of the author's literary career.","apotheosis of art; reach an apotheosis","Academic"
"qualm","/kwɑːm/","n.","qualms","疑慮；不安","I have some qualms about accepting the job offer, especially since it involves moving abroad.","feel qualms; have no qualms","Social"
"skiff","/skɪf/","n.","skiffs","小船；輕舟","We spent the afternoon rowing a small skiff around the calm waters of the lake.","rowing skiff; small wooden skiff","Social"
"egress","/ˈiːɡres/","n. / v.","egressed, egressing","出口；外出的路","The fire marshal checked that all emergency egress routes were clear and properly marked.","point of egress; means of egress","Workplace"
"tawdry","/ˈtɔːdri/","adj.","tawdrier, tawdriest","俗麗的；俗氣的","The hotel lobby was filled with tawdry decorations that looked cheap and outdated.","tawdry details; tawdry jewelry","Social"
"imbroglio","/ɪmˈbrəʊliəʊ/","n.","imbroglios","糾葛；混亂的局面","The country's financial imbroglio has led to widespread protests and political instability.","political imbroglio; financial imbroglio","Academic"
"germane","/dʒɜːrˈmeɪn/","adj.","-","有密切關係的；貼切的","Please keep your comments germane to the topic we're currently discussing in class.","germane to the issue; highly germane","Academic"
"maladroit","/ˌmæləˈdrɔɪt/","adj.","maladroitly","笨拙的；不靈巧的","His maladroit handling of the situation only made the conflict worse than it already was.","maladroit attempt; maladroit response","Social"
"addle","/ˈædl/","v.","addled, addling","使混亂；腐壞","The confusing instructions only served to addle my brain even further.","addled egg; brain-addled","Social"
"halcyon","/ˈhælsiən/","adj.","-","平靜愉快的；太平的","She often looks back fondly on the halcyon days of her childhood spent in the countryside.","halcyon days; halcyon era","Social"
"tautology","/tɔːˈtɒlədʒi/","n.","tautologies","同義反覆；贅述","To say that 'free gifts' are being offered is a tautology, since a gift is by definition free.","logical tautology; avoid tautology","Academic"
"dulcet","/ˈdʌlsɪt/","adj.","-","柔和悅耳的","The dulcet tones of the cello filled the concert hall, mesmerizing the audience.","dulcet voice; dulcet sounds","Social"
"inure","/ɪˈnjʊər/","v.","inured, inuring","使習慣於（不快的事物）","Doctors often become inured to the sight of blood and suffering after years of practice.","inured to hardship; become inured","Workplace"
"odium","/ˈəʊdiəm/","n.","-","憎惡；惡名","The politician faced public odium after his involvement in the corruption scandal was revealed.","incur odium; face odium","Social"
"harrow","/ˈhærəʊ/","n. / v.","harrowed, harrowing","使痛苦；耙地","The story of the survivors' experiences during the war was truly harrowing to listen to.","harrowing experience; harrowing tale","Social"
"diaphanous","/daɪˈæfənəs/","adj.","-","半透明的；薄如蟬翼的","The bride wore a diaphanous silk veil that trailed beautifully behind her.","diaphanous fabric; diaphanous wings","Social"
"vitiate","/ˈvɪʃieɪt/","v.","vitiated, vitiating","使失效；削弱；破壞","The presence of even a small amount of contamination can vitiate the results of the experiment.","vitiate a contract; vitiate a claim","Academic"
"ramify","/ˈræmɪfaɪ/","v.","ramified, ramifying","分枝；衍生","The new policy is expected to ramify through all levels of the government's administration.","ramify into; ramifications of","Academic"
"obloquy","/ˈɒbləkwi/","n.","-","公開譴責；毀謗","The CEO resigned after facing a storm of obloquy following the massive data breach.","subject to obloquy; public obloquy","Workplace"
"teetotal","/ˌtiːˈtəʊtl/","adj.","teetotalism","絕對戒酒的","He decided to go teetotal after realizing how much money he was spending on beer every week.","teetotal lifestyle; strict teetotaler","Social"
"trite","/traɪt/","adj.","tritery, tritest","陳腐的；老掉牙的","The movie's ending was so trite and predictable that I felt like I'd wasted my time.","trite remark; trite observation","Social"
"stint","/stɪnt/","n. / v.","stinted, stinting","（規定的）工作量；限額","After a brief stint in the army, he decided to return to university to finish his degree.","two-year stint; stint as a waiter","Workplace"
"hirsute","/ˈhɜːrsjuːt/","adj.","-","多毛的","The actor wore a hirsute mask to transform into the werewolf character for the movie.","hirsute appearance; hirsute chest","Social"
"garble","/ˈɡɑːrbl/","v.","garbled, garbling","斷章取義；曲解；混淆","The radio signal was so weak that the message was completely garbled by the time it reached us.","garbled message; garble the facts","Social"
"ferret","/ˈferɪt/","v. / n.","ferreted, ferreting","查獲；搜尋","It took the detective weeks to ferret out the truth about what actually happened that night.","ferret out information; ferret out a secret","Social"
"aerate","/ˈeəreɪt/","v.","aerated, aerating","使通風；注入空氣","You should periodically aerate the soil in your garden to help the plants' roots grow better.","aerate the lawn; aerated water","Academic"
"aeronautics","/ˌeərəˈnɔːtɪks/","n.","-","航空學","The university's aeronautics program is world-renowned for its research on supersonic flight.","principles of aeronautics; study aeronautics","Academic"
"bonhomie","/ˌbɒnəˈmiː/","n.","-","和藹；溫和；敦厚","There was a sense of cheerful bonhomie among the colleagues as they celebrated the project's success.","natural bonhomie; filled with bonhomie","Social"
"captious","/ˈkæpʃəs/","adj.","captiously","吹毛求疵的；愛挑剔的","I find his captious criticism of my work to be quite discouraging, as he never mentions anything positive.","captious critic; captious remarks","Social"
"cinder","/ˈsɪndər/","n.","cinders","灰燼；煤渣","The fireplace was cold now, with nothing left but a few gray cinders in the bottom.","burnt to a cinder; red-hot cinders","Social"
"dermatologist","/ˌdɜːrməˈtɒlədʒɪst/","n.","dermatologists","皮膚科醫生","The dermatologist recommended a special cream to treat the persistent rash on my arm.","see a dermatologist; board-certified dermatologist","Workplace"
"dorsal","/ˈdɔːrsl/","adj.","-","背部的","The shark's dorsal fin could be seen cutting through the water just a few yards away.","dorsal fin; dorsal muscles","Academic"
"ford","/fɔːrd/","v. / n.","forded, fording","涉過；淺灘","The pioneers had to find a shallow spot where they could safely ford the river with their wagons.","ford a stream; river ford","Social"
"gnat","/næt/","n.","gnats","小蟲；瑣碎的煩惱","A swarm of tiny gnats kept buzzing around our heads while we were trying to have a picnic.","gnat bite; annoying gnat","Social"
"gyrate","/ˈdʒaɪreɪt/","v.","gyrated, gyrating","旋轉；不停地轉動","The dancers began to gyrate wildly to the fast-paced rhythm of the drums.","gyrate around; gyrate rhythmically","Social"
"amoral","/ˌeɪˈmɒrəl/","adj.","amorality","無道德感的；非道德的","Some critics argue that the stock market is essentially amoral, driven only by profit and loss.","amoral behavior; amoral character","Academic"
"circumspect","/ˈsɜːrkəmspekt/","adj.","circumspectly","謹慎的；深思熟慮的","In such a volatile political climate, it's wise to be circumspect about expressing your opinions publicly.","circumspect approach; circumspect manner","Workplace"
"claustrophobia","/ˌklɔːstrəˈfəʊbiə/","n.","-","密閉恐懼症","He suffers from severe claustrophobia and refuses to use elevators, even in very tall buildings.","suffer from claustrophobia; feel claustrophobia","Social"
"desiccated","/ˈdesɪkeɪtɪd/","adj.","-","乾燥的；乾巴巴的","The desiccated remains of a desert plant were the only sign of life in the sandy landscape.","desiccated coconut; desiccated skin","Academic"
"dispirited","/dɪˈspɪrɪtɪd/","adj.","dispiritedly","沮喪的；灰心的","The team felt dispirited after losing their third game in a row by such a large margin.","look dispirited; feel dispirited","Social"
"harbinger","/ˈhɑːrbɪndʒər/","n.","harbingers","前兆；先驅","The sudden drop in temperature was a harbinger of the severe winter storm that was about to hit.","harbinger of spring; harbinger of doom","Social"
"inconsequential","/ɪnˌkɒnsɪˈkwenʃl/","adj.","inconsequentially","不重要的；微小的","Whether you choose the blue or the red pen is entirely inconsequential to the final result.","inconsequential details; inconsequential amount","Workplace"
"jocular","/ˈdʒɒkjələr/","adj.","jocularly","詼諧的；愛開玩笑的","He's in a jocular mood today, telling jokes and making everyone in the office laugh.","jocular comment; jocular remark","Social"
"torrid","/ˈtɒrɪd/","adj.","-","炙熱的；熱情的","The torrid heat of the desert made it impossible to travel during the middle of the day.","torrid climate; torrid affair","Social"
"perigee","/ˈperɪdʒiː/","n.","perigees","近地點","The moon appears slightly larger in the sky when it reaches its perigee in its orbit around the Earth.","reach perigee; moon's perigee","Academic"
"asunder","/əˈsʌndər/","adv.","-","分離地；破碎地","The powerful earthquake tore the ground asunder, creating deep cracks across the landscape.","torn asunder; rent asunder","Social"
"ethos","/ˈiːθɒs/","n.","-","（個人、團體或時代的）特質；社會風氣","The university's ethos is built on the principles of academic freedom and open inquiry.","cultural ethos; underlying ethos","Academic"
"forswear","/fɔːrˈswer/","v.","forswore, forsworn, forswearing","決心放棄；發誓戒除","He decided to forswear all junk food and start a new, healthy diet and exercise routine.","forswear violence; forswear an oath","Social"
"logos","/ˈləʊɡɒs/","n.","-","理性；邏輯","In classical rhetoric, logos refers to the use of logical argument and evidence to persuade an audience.","appeal to logos; power of logos","Academic"
"nonchalance","/ˈnɒnʃələns/","n.","-","漠不關心；冷淡","She handled the criticism with apparent nonchalance, even though it must've hurt her feelings.","studied nonchalance; air of nonchalance","Social"
"don","/dɒn/","v.","donned, donning","穿上；披上","Before heading out into the cold morning air, he paused to don his heavy winter coat.","don a mask; don armor","Social"
"embryonic","/ˌembriˈɒnɪk/","adj.","-","胚胎的；初期的；萌芽的","The project is still in its embryonic stage, with many details yet to be finalized.","embryonic development; embryonic phase","Academic"
"heckler","/ˈheklər/","n.","hecklers","擾亂者；起鬨者","The comedian handled the heckler with a quick, witty comeback that silenced the whole room.","shout down a heckler; persistent heckler","Social"
"incognito","/ˌɪnkɒɡˈniːtəʊ/","adj. / adv.","-","隱姓埋名地；匿名地","The movie star traveled incognito to avoid being recognized by the paparazzi.","travel incognito; stay incognito","Social"
"loom","/luːm/","v.","loomed, looming","隱約顯現；即將發生","With the deadline looming, the team worked around the clock to finish the report on time.","loom ahead; loom large","Social"
"lopsided","/ˌlɒpˈsaɪdɪd/","adj.","lopsidedly","不平衡的；向一側傾斜的","The score was a lopsided 45-0, making it clear that the two teams weren't in the same league.","lopsided victory; lopsided smile","Social"
"masochist","/ˈmæsəkɪst/","n.","masochists","被虐狂","You'd have to be a bit of a masochist to enjoy training for a marathon in this freezing rain.","pure masochist; masochistic tendencies","Social"
"mollify","/ˈmɒlɪfaɪ/","v.","mollified, mollifying","撫慰；平息（憤怒或焦慮）","The manager's offer of a free meal did little to mollify the angry customer who'd waited an hour.","mollify an opponent; mollify anger","Workplace"
"onus","/ˈəʊnəs/","n.","-","責任；義務","The onus is on the prosecution to prove beyond a reasonable doubt that the defendant is guilty.","onus of proof; place the onus on","Legal"
"preclude","/prɪˈkluːd/","v.","precluded, precluding","排除；防止；阻止","The high cost of the equipment might preclude many small laboratories from conducting this research.","preclude the possibility; be precluded from","Academic"
"quintessential","/ˌkwɪntɪˈsenʃl/","adj.","quintessentially","最典型的；精華的","This charming little village is often described as the quintessential English countryside retreat.","quintessential example; quintessential style","Academic"
"consequential","/ˌkɒnsɪˈkwenʃl/","adj.","consequentially","隨之發生的；重要的","The discovery of fire was one of the most consequential events in the history of human civilization.","consequential decision; consequential damage","Academic"
"contraband","/ˈkɒntrəbænd/","n.","-","違禁品；走私貨","Customs officials seized a large shipment of contraband cigarettes at the border yesterday.","seize contraband; smuggle contraband","Legal"
"crestfallen","/ˈkrestfɔːlən/","adj.","-","垂頭喪氣的；氣餒的","He looked absolutely crestfallen when he found out he hadn't made the cut for the national team.","look crestfallen; crestfallen expression","Social"
"placebo","/pləˈsiːbəʊ/","n.","placebos","安慰劑","In the clinical trial, half of the participants were given the drug while the other half received a placebo.","placebo effect; placebo-controlled","Academic"
"apparition","/ˌæpəˈrɪʃn/","n.","apparitions","幽靈；幻影","The villagers told stories of a ghostly apparition that haunted the ruins of the old castle.","ghostly apparition; sudden apparition","Social"
"berserk","/bəˈzɜːrk/","adj.","-","發狂的；狂暴的","The crowd went completely berserk when the home team scored the winning goal in the final seconds.","go berserk; berserk rage","Social"
"cohere","/kəʊˈhɪər/","v.","cohered, cohering","連貫；一致；凝聚","For a theory to be taken seriously, all its different parts must cohere into a logical framework.","cohere into a whole; fail to cohere","Academic"
"concerted","/kənˈsɜːrtɪd/","adj.","-","共同的；一致的","We need to make a concerted effort as a team if we're gonna finish this project by Friday.","concerted action; concerted plan","Workplace"
"ineffable","/ɪnˈefəbl/","adj.","ineffably","難以言喻的；不可言傳的","The beauty of the mountain range at sunset was so ineffable that we just stood there in silence.","ineffable joy; ineffable beauty","Social"
"injurious","/ɪnˈdʒʊəriəs/","adj.","injuriously","有害的；致傷的","Smoking is widely known to be injurious to health, yet millions of people still struggle to quit.","injurious effect; injurious to health","Academic"
"parity","/ˈpærəti/","n.","-","同等；平等","The workers are demanding pay parity with their colleagues in the neighboring factory.","reach parity; economic parity","Workplace"
"quack","/kwæk/","n. / v.","quacks, quacked, quacking","江湖郎中；（鴨子）嘎嘎叫","Don't waste your money on those 'miracle' cures; that guy's nothing but a dangerous quack.","medical quack; duck's quack","Social"
"tangential","/tænˈdʒenʃl/","adj.","tangentially","離題的；切線的","His comments were only tangential to the main issue we were trying to resolve in the meeting.","tangential point; tangentially related","Academic"
"verisimilitude","/ˌverɪsɪˈmɪlɪtjuːd/","n.","-","逼真；貌似真實","The director used period-accurate costumes and settings to give the film a sense of verisimilitude.","lack verisimilitude; air of verisimilitude","Academic"
"delectable","/dɪˈlektəbl/","adj.","delectably","美味可口的；令人愉快的","The bakery is famous for its delectable pastries that draw crowds from all over the city.","delectable meal; delectable smell","Social"
"enervate","/ˈenərveɪt/","v.","enervated, enervating","使衰弱；使失去活力","The torrid heat and high humidity of the jungle can quickly enervate even the strongest hikers.","be enervated by; enervating climate","Academic"
"insuperable","/ɪnˈsuːpərəbl/","adj.","insuperably","難以克服的；不可逾越的","They faced what seemed like insuperable obstacles, but they refused to give up on their dream.","insuperable difficulty; insuperable barrier","Social"
"jaded","/ˈdʒeɪdɪd/","adj.","jadedly","疲倦的；厭倦的","After years of working in the fashion industry, she's become quite jaded about the whole scene.","jaded palate; feel jaded","Social"
"kindred","/ˈkɪndrəd/","adj. / n.","-","同類的；有血緣關係的","We realized we were kindred spirits as soon as we started talking about our love for old films.","kindred spirits; kindred subjects","Social"
"melee","/ˈmeleɪ/","n.","melees","混戰；亂軍中","Several people were injured in the melee that broke out after the controversial referee's decision.","violent melee; break up a melee","Social"
"putrid","/ˈpjuːtrɪd/","adj.","putridity","腐爛的；惡臭的","The smell of the putrid garbage was so strong that we had to hold our breath while passing by.","putrid smell; putrid remains","Social"
"spendthrift","/ˈspendθrɪft/","n. / adj.","spendthrifts","揮霍無度者；浪費的","He's such a spendthrift that he's already gone through his entire inheritance in just two years.","spendthrift habits; reckless spendthrift","Social"
"stolid","/ˈstɒlɪd/","adj.","stolidly","呆板的；不動感情的","He maintained a stolid expression throughout the entire trial, never showing a hint of emotion.","stolid character; stolid face","Social"
"surfeit","/ˈsɜːrfɪt/","n. / v.","surfeited, surfeiting","過量；過度","The market currently has a surfeit of cheap electronics, driving prices down for everyone.","surfeit of information; be surfeited with","Academic"
"testy","/ˈtesti/","adj.","testier, testiest","暴躁的；易怒的","He gets a bit testy when he hasn't had his morning coffee yet, so maybe wait an hour.","testy mood; testy remark","Social"
"unerringly","/ʌnˈɜːrɪŋli/","adv.","-","萬無一失地；精確地","She has a talent for unerringly spotting the smallest errors in even the longest reports.","unerringly accurate; unerringly pick","Workplace"
"vindicate","/ˈvɪndɪkeɪt/","v.","vindicated, vindicating","證明…正確；洗雪（冤情）","The new DNA evidence finally served to vindicate the man who'd been wrongly imprisoned.","vindicate a claim; be vindicated by","Legal"
"fleece","/fliːs/","v. / n.","fleeced, fleecing","敲竹槓；羊毛","Tourists're often fleeced by unscrupulous street vendors in that part of the city.","fleece customers; thick fleece","Social"
"irrefutable","/ˌɪrɪˈfjuːtəbl/","adj.","irrefutably","無可辯駁的","The video footage provided irrefutable proof that the suspect was at the scene of the crime.","irrefutable evidence; irrefutable logic","Academic"
"laggard","/ˈlæɡərd/","n. / adj.","laggards","遲緩者；落後的","The company was once a leader, but now it's become a bit of a laggard in the tech industry.","laggard in technology; laggard performance","Workplace"
"lassitude","/ˈlæsɪtjuːd/","n.","-","疲勞；倦怠","A sense of lassitude settled over the office as the long, hot afternoon dragged on.","feel lassitude; overcome by lassitude","Social"
"morose","/məˈrəʊs/","adj.","morosely","陰鬱的；悶悶不樂的","He's been morose and withdrawn ever since he got the news about his job loss.","morose character; morose silence","Social"
"quixotic","/kwɪkˈsɒtɪk/","adj.","quixotically","不切實際的；異想天開的","Trying to fix the world's problems overnight is a noble but ultimately quixotic goal.","quixotic quest; quixotic plan","Social"
"rescind","/rɪˈsɪnd/","v.","rescinded, rescinding","廢除；撤銷","The government decided to rescind the controversial tax after months of public protests.","rescind an offer; rescind a policy","Legal"
"canny","/ˈkæni/","adj.","cannier, canniest","精明的；靈巧的","She's a canny investor who always seems to know exactly when to buy and sell.","canny businessman; canny move","Workplace"
"apogee","/ˈæpədʒiː/","n.","apogees","頂點；遠地點","The empire reached its apogee during the reign of the third emperor before slowly declining.","reach its apogee; moon's apogee","Academic"
"perigee","/ˈperɪdʒiː/","n.","perigees","近地點","Astronomers're studying how the moon's gravity affects tides more strongly during its perigee.","reach perigee; lunar perigee","Academic"
"bane","/beɪn/","n.","-","禍根；災星","That noisy neighbor's the bane of my existence; I can't ever get a good night's sleep.","bane of one's life; bane of existence","Social"
"din","/dɪn/","n. / v.","dinned, dinning","喧囂聲；嘈雜聲","The din from the construction site next door made it impossible for us to hear each other.","constant din; deafening din","Social"
"discordant","/dɪsˈkɔːrdənt/","adj.","discordantly","刺耳的；不和諧的","The chorus of discordant voices made it hard for the committee to reach any sort of consensus.","discordant notes; discordant views","Academic"
"gape","/ɡeɪp/","v. / n.","gaped, gaping","目瞪口呆地看","The tourists could only gape in awe at the sheer size and beauty of the grand cathedral.","gape at the sight; wide gape","Social"
"immutable","/ɪˈmjuːtəbl/","adj.","immutably","永遠不變的","While technology changes rapidly, certain human emotions seem to remain largely immutable.","immutable truth; immutable laws","Academic"
"plaintive","/ˈpleɪntɪv/","adj.","plaintively","哀傷的；悲哀的","We heard the plaintive cry of a lonely wolf echoing through the mountains at night.","plaintive voice; plaintive melody","Social"
"offhand","/ˌɒfˈhænd/","adj. / adv.","-","隨便地；即時地；不友好的","I can't give you the exact figures offhand, but I'll check the database and get back to you.","offhand remark; speak offhand","Social"
"portend","/pɔːrˈtend/","v.","portended, portending","預示；預兆","Dark clouds and a sudden drop in pressure often portend a severe thunderstorm.","portend disaster; portend change","Academic"
"posterity","/pɒˈsterəti/","n.","-","後代；後裔","We must protect our environment today for the sake of posterity and future generations.","preserve for posterity; benefit posterity","Academic"
"quaint","/kweɪnt/","adj.","quainter, quaintest","別緻的；古雅的","We stayed in a quaint little cottage in a remote village that looked like it was from another era.","quaint village; quaint custom","Social"
"quandary","/ˈkwɒndəri/","n.","quandaries","窘境；困惑","I'm in a quandary over whether to tell him the truth or keep it a secret to avoid hurting him.","moral quandary; in a quandary","Social"
"raucous","/ˈrɔːkəs/","adj.","raucously","刺耳的；喧鬧的","The party next door was so raucous that someone eventually called the police to complain.","raucous laughter; raucous crowd","Social"
"recapitulate","/ˌriːkəˈpɪtʃuleɪt/","v.","recapitulated, recapitulating","扼要重述；概括","To conclude the lecture, let me briefly recapitulate the three main points we've covered.","recapitulate the findings; briefly recapitulate","Academic"
"scoff","/skɒf/","v. / n.","scoffed, scoffing","嘲笑；蔑視","Many people used to scoff at the idea of space travel, but now it's a common reality.","scoff at a suggestion; loud scoff","Social"
"stupefy","/ˈstjuːpɪfaɪ/","v.","stupefied, stupefying","使吃驚；使麻木","The sheer scale of the corruption scandal was enough to stupefy even the most cynical citizens.","be stupefied by; stupefying boredom","Social"
"capitulate","/kəˈpɪtʃuleɪt/","v.","capitulated, capitulating","投降；屈服；讓步","After weeks of intense negotiations, the company finally decided to capitulate to the union's demands.","refuse to capitulate; capitulate to pressure","Workplace"
"emollient","/ɪˈmɒliənt/","n. / adj.","emollients","潤膚劑；緩和的","The doctor prescribed an emollient cream to soothe the dry, itchy skin on my hands.","natural emollient; emollient properties","Academic"
"gadfly","/ˈɡædflaɪ/","n.","gadflies","討厭的人（特別是批評者）；牛虻","The investigative journalist's been a persistent gadfly to the administration for years.","political gadfly; constant gadfly","Social"
"incredulous","/ɪnˈkredjələs/","adj.","incredulously","不相信的；懷疑的","He gave me an incredulous look when I told him that I'd won the lottery.","incredulous smile; remain incredulous","Social"
"indict","/ɪnˈdaɪt/","v.","indicted, indicting","起訴；控告","The grand jury decided to indict the former mayor on multiple charges of corruption.","indict for murder; be indicted on charges","Legal"
"infinitesimal","/ˌɪnfɪnɪˈtesɪməl/","adj.","infinitesimally","極微小的","The amount of radioactive material released was so infinitesimal that it posed no risk.","infinitesimal amount; infinitesimal difference","Academic"
"minion","/ˈmɪnjən/","n.","minions","奴才；部下（貶義）","The CEO usually sends one of his minions to deal with any minor problems at the branch offices.","loyal minion; corporate minion","Workplace"
"opiate","/ˈəʊpiət/","n. / adj.","opiates","鴉片劑；安眠的","The doctor prescribed a mild opiate to help the patient manage the chronic pain.","opiate addiction; opiate effect","Academic"
"panegyric","/ˌpænəˈdʒɪrɪk/","n.","panegyrics","頌詞；讚美文","The memorial service included a moving panegyric that celebrated his lifelong achievements.","deliver a panegyric; write a panegyric","Social"
"peevish","/ˈpiːvɪʃ/","adj.","peevishly","易怒的；脾氣壞的","She gets quite peevish when she's tired, so it's probably best to just leave her alone for a bit.","peevish remark; peevish mood","Social"
"pejorative","/pɪˈdʒɒrətɪv/","adj. / n.","pejoratively","貶低的；輕蔑的","The word 'lazy' is often used in a pejorative sense to criticize those who are struggling.","pejorative term; used pejoratively","Academic"
"swerve","/swɜːrv/","v. / n.","swerved, swerving","突然轉向","The cyclist had to swerve sharply into the next lane to avoid an open car door.","swerve off course; sudden swerve","Social"
"toady","/ˈtəʊdi/","n. / v.","toadies, toadied, toadying","諂媚者；拍馬屁","Nobody likes him because he's such a toady, always agreeing with whatever the boss says.","office toady; toady to someone","Workplace"
"vanguard","/ˈvænɡɑːrd/","n.","vanguards","先鋒；前導","The company's always been at the vanguard of innovation in the renewable energy sector.","in the vanguard of; vanguard of a movement","Academic"
"venerate","/ˈvenəreɪt/","v.","venerated, venerating","崇敬；敬重","Many cultures around the world continue to venerate their ancestors through daily rituals.","venerate as a saint; highly venerated","Social"
"ail","/eɪl/","v.","ailed, ailing","使苦惱；使生病","Economists are trying to figure out what exactly ails the country's manufacturing sector.","what ails you; ailing economy","Workplace"
"ambulatory","/ˈæmbjələtəri/","adj.","-","（患者）不需臥床的；能走路的","The hospital has a separate unit for ambulatory patients who don't require overnight stays.","ambulatory care; ambulatory surgery","Academic"
"dearth","/dɜːrθ/","n.","-","缺乏；不足","There's a serious dearth of qualified teachers in remote areas of the country right now.","dearth of evidence; dearth of resources","Workplace"
"dissension","/dɪˈsenʃn/","n.","dissensions","糾紛；爭執；不睦","The new policy caused a lot of dissension among the members of the committee.","sow dissension; political dissension","Workplace"
"draconian","/drəˈkəʊniən/","adj.","-","嚴厲的；酷苛的","The government's been criticized for introducing draconian measures to control the protests.","draconian laws; draconian cuts","Legal"
"excise","/ekˈsaɪz/","v. / n.","excised, excising","切除；刪除；消費稅","The surgeon had to excise a small tumor from the patient's lung during the operation.","excise a tumor; excise tax","Academic"
"espouse","/ɪˈspaʊz/","v.","espoused, espousing","支持；擁護（觀點、原則等）","She's always been quick to espouse environmental causes and promote sustainable living.","espouse a theory; espouse a cause","Workplace"
"exigency","/ˈeksɪdʒənsi/","n.","exigencies","緊急狀況；急需","The exigencies of the war required the government to make some very tough decisions.","exigencies of the situation; financial exigency","Academic"
"fissure","/ˈfɪʃər/","n. / v.","fissures, fissured, fissuring","裂縫；裂隙","The geologists discovered a large fissure in the rock face that hadn't been there before.","deep fissure; social fissure","Academic"
"inception","/ɪnˈsepʃn/","n.","-","開始；開端","Since its inception in 2010, the program's helped thousands of families across the state.","since its inception; at the inception","Workplace"
"loll","/lɒl/","v.","lolled, lolling","懶散地躺或坐；（舌頭）伸出","I spent the entire weekend just lolling around the house and watching old movies.","loll about; loll one's tongue","Social"
"malediction","/ˌmælɪˈdɪkʃn/","n.","maledictions","詛咒；壞話","In the old folk tale, the witch placed a terrible malediction on the entire kingdom.","utter a malediction; dark malediction","Social"
"mendicant","/ˈmendɪkənt/","n. / adj.","mendicants","乞丐；托缽僧","The city's seen a significant increase in the number of mendicants on the streets lately.","mendicant monk; mendicant orders","Social"
"palpable","/ˈpælpəbl/","adj.","palpably","可感知的；明顯的","The tension in the courtroom was palpable as the jury prepared to deliver its verdict.","palpable excitement; palpably false","Academic"
"pulverize","/ˈpʌlvəraɪz/","v.","pulverized, pulverizing","磨成粉；粉碎","The machinery's designed to pulverize large rocks into fine gravel for road construction.","pulverize to dust; pulverize an opponent","Academic"
"salutary","/ˈsæljutəri/","adj.","-","有益的；（對行為、性格）有改善作用的","The recent crisis served as a salutary lesson for the company's senior management.","salutary effect; salutary advice","Workplace"
"skinflint","/ˈskɪnflɪnt/","n.","skinflints","吝嗇鬼；鐵公雞","He's such a skinflint that he refuses to turn on the heat even in the middle of winter.","notorious skinflint; old skinflint","Social"
"suffrage","/ˈsʌfrɪdʒ/","n.","-","選舉權；投票權","The movement for women's suffrage in the early 20th century changed the face of democracy forever.","universal suffrage; right of suffrage","Academic"
"virulent","/ˈvɪrʊlənt/","adj.","virulence","劇毒的；致命的；刻毒的","The researchers are studying a particularly virulent strain of the virus that's resistant to current vaccines.","virulent disease; virulent attack","Academic"
"wee","/wiː/","adj.","weer, weest","極小的；很早的","I'm just gonna stay for a wee bit longer and then I've gotta head home.","wee hours; a wee bit","Social"
"acrid","/ˈækrɪd/","adj.","acridly","辛辣的；苦澀的；（氣味）刺激的","The acrid smell of burning plastic filled the air after the small fire in the lab.","acrid smoke; acrid taste","Social"
"deadpan","/ˈdedpæn/","adj. / adv.","-","無表情的；故作嚴肅的","He has such a deadpan delivery that it's often hard to tell if he's joking or being serious.","deadpan humor; deadpan expression","Social"
"deterrent","/rɪˈtɜːrənt/","n. / adj.","deterrents","威懾；妨礙物","Many experts argue that the presence of security cameras acts as a strong deterrent to crime.","nuclear deterrent; effective deterrent","Workplace"
"dispassionate","/dɪsˈpæʃənət/","adj.","dispassionately","冷靜的；客觀的；公平的","A judge must remain dispassionate and base their decisions solely on the evidence provided.","dispassionate analysis; dispassionate observer","Academic"
"ebullient","/ɪˈbʌliənt/","adj.","ebulliently","興高采烈的；熱情洋溢的","She was in an ebullient mood after finding out she'd been accepted to her dream university.","ebullient personality; ebullient welcome","Social"
"enumerate","/ɪˈnjuːməreɪt/","v.","enumerated, enumerating","列舉；枚舉","The report went on to enumerate the various reasons why the project had failed so far.","enumerate the facts; enumerate the steps","Academic"
"facetious","/fəˈsiːʃəs/","adj.","facetiously","（不適當地）引人發笑的；好開玩笑的","Please stop being facetious; this is a serious meeting and we need to find a solution.","facetious remark; facetious comment","Social"
"fawning","/ˈfɔːnɪŋ/","adj.","fawningly","討好的；巴結的","I'm tired of his fawning attitude toward the boss just to get a better performance review.","fawning praise; fawning behavior","Workplace"
"fraternize","/ˈfrætərnaɪz/","v.","fraternized, fraternizing","親近；結交（特別是與敵方）","The soldiers were strictly forbidden from fraternizing with the local population during the occupation.","fraternize with the enemy; stop fraternizing","Social"
"gainsay","/ˌɡeɪnˈseɪ/","v.","gainsaid, gainsaying","否認；反駁","There's no way to gainsay the fact that the company's profits've dropped significantly this year.","cannot be gainsaid; refuse to gainsay","Workplace"
"harrowing","/ˈhærəʊɪŋ/","adj.","-","令人心碎的；慘痛的","The documentary provided a harrowing account of the survivors' experiences during the natural disaster.","harrowing experience; harrowing tale","Social"
"indolent","/ˈɪndələnt/","adj.","indolence","懶惰的；不活潑的","The hot, humid weather made everyone feel indolent and unwilling to do much of anything.","indolent lifestyle; indolent habits","Social"
"fornicate","/ˈfɔːrnɪkeɪt/","v.","fornicates, fornicated, fornicating","私通；通姦","In many traditional societies, there're strict social and legal penalties for those who fornicate outside of marriage.","fornicate with; act of fornication","Social"
"lackadaisical","/ˌlækəˈdeɪzɪkl/","adj.","lackadaisically","無精打采的；不熱心的","The team's lackadaisical performance in the second half of the game led to their eventual defeat.","lackadaisical attitude; lackadaisical approach","Workplace"
"languid","/ˈlæŋɡwɪd/","adj.","languidly","慢悠悠的；無力的；倦怠的","We spent a languid afternoon just lying in the sun and listening to the sound of the waves.","languid pace; languid movements","Social"
"ogle","/ˈəʊɡl/","v. / n.","ogled, ogling","色瞇瞇地盯著看","I felt uncomfortable when I noticed that man at the bar trying to ogle me all night.","ogle someone; creepy ogle","Social"
"lewd","/luːd/","adj.","lewdly","淫蕩的；猥褻的","The comedian was criticized for making lewd jokes that many in the audience found offensive.","lewd behavior; lewd comments","Social"
"paraphernalia","/ˌpærəfəˈneɪliə/","n.","-","隨身用品；全部設備","The police discovered a large amount of drug paraphernalia during the search of the apartment.","sports paraphernalia; photography paraphernalia","Social"
"mnemonic","/neˈmɒnɪk/","n. / adj.","mnemonics","助記符號；助記的","Many students use mnemonics to help them remember the order of the planets in the solar system.","mnemonic device; mnemonic technique","Academic"
"pillage","/ˈpɪlɪdʒ/","v. / n.","pillaged, pillaging","掠奪；搶劫","The invading army began to pillage the local villages, taking everything of value they could find.","pillage and loot; systematic pillaging","Academic"
"pique","/piːk/","n. / v.","piqued, piquing","憤怒；不悅；激起（好奇心）","Her curiosity was piqued when she saw the mysterious package sitting on her doorstep.","pique one's interest; fit of pique","Social"
"platitude","/ˈplætɪtjuːd/","n.","platitudes","陳詞濫調","The politician's speech was full of empty platitudes but offered no real solutions to the crisis.","utter platitudes; hackneyed platitude","Academic"
"winsome","/ˈwɪnsəm/","adj.","winsomely","迷人的；引人注目的","She gave me a winsome smile that immediately made me forget why I'd been annoyed.","winsome smile; winsome personality","Social"
"abnegation","/ˌæbnɪˈɡeɪʃn/","n.","-","放棄；自我克制","Monks often live a life of strict abnegation, giving up all material possessions and comforts.","self-abnegation; abnegation of responsibility","Academic"
"confluence","/ˈkɒnfluəns/","n.","confluences","匯流；交匯處；（事物的）結合","The city was built at the confluence of two major rivers, making it a natural center for trade.","confluence of events; reach a confluence","Academic"
"contrive","/kənˈtraɪv/","v.","contrived, contriving","謀劃；圖謀；設計","The two of them managed to contrive a plan to sneak out of the house without being seen.","contrive a solution; contrive a scheme","Social"
"hap","/hæp/","n. / v.","haps, happed, happing","偶然；運氣；發生","In many old stories, the hero's success is due more to good hap than to his own skills.","by good hap; whatever may hap","Social"
"hodgepodge","/ˈhɒdʒpɒdʒ/","n.","hodgepodges","大雜燴；混雜物","His report was just a hodgepodge of disconnected facts and figures that didn't make much sense.","hodgepodge of ideas; a real hodgepodge","Social"
"jingoism","/ˈdʒɪŋɡəʊɪzəm/","n.","-","極端的愛國主義；沙文主義","The senator's speech was criticized for its aggressive jingoism and calls for military action.","appeal to jingoism; wave of jingoism","Academic"
"largesse","/lɑːˈʒes/","n.","-","慷慨的施捨；恩賜","The local community center relies heavily on the largesse of a few wealthy donors to stay open.","private largesse; display of largesse","Social"
"luscious","/ˈlʌʃəs/","adj.","lusciously","美味多汁的；（色彩等）濃豔的","The garden was filled with the scent of luscious ripe peaches that were ready to be picked.","luscious fruit; luscious colors","Social"
"mirth","/mɜːrθ/","n.","-","歡笑；歡樂","The room was filled with mirth and laughter as everyone shared their favorite childhood stories.","full of mirth; mirthless laugh","Social"
"odyssey","/ˈɒdəsi/","n.","odysseys","漫長的探索旅程；艱苦的歷程","The refugees' journey across the border was a harrowing odyssey that lasted for several weeks.","spiritual odyssey; epic odyssey","Social"
"palliate","/ˈpælieɪt/","v.","palliated, palliating","緩和（痛苦）；掩飾（罪行）","The new drug's designed to palliate the symptoms of the disease, though it's not a complete cure.","palliate pain; palliate the situation","Academic"
"obliterate","/əˈblɪtəreɪt/","v.","obliterated, obliterating","抹掉；擦掉；徹底摧毀","The heavy snowfall overnight managed to completely obliterate any tracks we'd left yesterday.","obliterate memories; be obliterated","Academic"
"parry","/ˈpæri/","v. / n.","parried, parrying","擋開；迴避（問題）","The politician managed to parry the reporter's difficult questions by changing the subject.","parry a blow; parry a question","Workplace"
"piebald","/ˈpaɪbɔːld/","adj.","-","花斑的；黑白雜色的","The farmer's proud of his new piebald pony, which has striking black and white patches.","piebald horse; piebald pattern","Social"
"piety","/ˈpaɪəti/","n.","pieties","虔誠；孝順","The historical documents reveal the deep religious piety of the people living in the middle ages.","filial piety; act of piety","Academic"
"potable","/ˈpəʊtəbl/","adj.","-","適於飲用的","The aid workers are struggling to provide enough potable water for the thousands of refugees.","potable water; ensure potability","Academic"
"protuberance","/prəˈtjuːbərəns/","n.","protuberances","隆起；結節","The doctor checked the small protuberance on the patient's arm to see if it was a cyst.","bony protuberance; natural protuberance","Academic"
"pusillanimous","/ˌpjuːsɪˈlænɪməs/","adj.","pusillanimously","膽怯的；懦弱的","He was too pusillanimous to stand up for his beliefs when he faced opposition from the group.","pusillanimous behavior; pusillanimous leader","Social"
"quash","/kwɒʃ/","v.","quashed, quashing","鎮壓；撤銷（判決）","The government moved quickly to quash the rebellion before it could spread to other cities.","quash a rumor; quash a conviction","Legal"
"ramification","/ˌræmɪfɪˈkeɪʃn/","n.","ramifications","衍生後果；派生出的影響","We need to carefully consider the potential ramifications of this decision before moving forward.","legal ramifications; far-reaching ramifications","Academic"
"ratify","/ˈrætɪfaɪ/","v.","ratified, ratifying","批准；認可","The treaty must be ratified by all member nations before it can officially come into effect.","ratify an agreement; refuse to ratify","Legal"
"relapse","/rɪˈlæps/","v. / n.","relapsed, relapsing","舊病復發；故態復萌","The patient's doing well now, but the doctors're monitoring him closely in case he suffers a relapse.","suffer a relapse; relapse into old habits","Academic"
"sanguine","/ˈsæŋɡwɪn/","adj.","sanguinely","樂觀的；自信的","Despite the recent setbacks, the CEO remains sanguine about the company's future prospects.","sanguine about success; sanguine personality","Workplace"
"cavalier","/ˌkævəˈlɪər/","adj. / n.","cavalierly","蠻不在乎的；傲慢的","I'm surprised by his cavalier attitude toward such a serious problem that affects so many people.","cavalier treatment; cavalier disregard","Social"
"exemplary","/ɪɡˈzempləri/","adj.","exemplarily","典範的；值得效仿的","His conduct during the crisis was truly exemplary, and he was awarded a medal for his bravery.","exemplary behavior; exemplary service","Workplace"
"herald","/ˈherəld/","v. / n.","heralded, heralding","預示…的開始；先驅","The blooming of the cherry blossoms is seen as a herald of spring in many different cultures.","herald a new era; herald of change","Social"
"hoodwink","/ˈhʊdwɪŋk/","v.","hoodwinked, hoodwinking","欺騙；哄騙","They tried to hoodwink the elderly couple into giving them their life savings through a scam.","hoodwink someone into; be hoodwinked by","Social"
"indelible","/ɪnˈdeləbl/","adj.","indelibly","無法擦除的；持久的","The experience of traveling around the world left an indelible impression on her character.","indelible ink; indelible memory","Social"
"knave","/neɪv/","n.","knaves","不誠實的人；流氓","In the old play, the villain's a cunning knave who's always trying to trick the hero.","dishonest knave; old knave","Social"
"malcontent","/ˌmælkənˈtent/","n. / adj.","malcontents","不滿者；抱怨的","The manager struggled to deal with a few malcontents in the office who were always complaining.","social malcontent; malcontent attitude","Workplace"
"mayhem","/ˈmeɪhem/","n.","-","大混亂；大恐慌","There was complete mayhem in the streets after the power went out during the storm.","cause mayhem; scene of mayhem","Social"
"mettle","/ˈmetl/","n.","-","氣概；勇氣；奮鬥精神","The final exam's gonna really test your mettle and show how much you've actually learned.","test one's mettle; show one's mettle","Social"
"mimicry","/ˈmɪmɪkri/","n.","-","模仿；擬態","Some species of insects use mimicry to blend in with their surroundings and avoid predators.","skillful mimicry; animal mimicry","Academic"
"misapprehension","/ˌmɪsæprɪˈhenʃn/","n.","misapprehensions","誤解；誤會","I think there's been a misapprehension; I'm not the manager, I'm just here to help out.","labor under a misapprehension; common misapprehension","Workplace"
"misconstrue","/ˌmɪskənˈstruː/","v.","misconstrued, misconstruing","誤解；曲解","I'm afraid you've misconstrued my intentions; I wasn't trying to criticize your work.","misconstrue a comment; be misconstrued","Workplace"
"sham","/ʃæm/","n. / v. / adj.","shams, shammed, shamming","假象；騙局；虛假的","The investigation revealed that the entire company was just a sham to launder money.","be a sham; sham marriage","Legal"
"muddle","/ˈmʌdl/","n. / v.","muddled, muddling","混亂；糊塗","I'm in a bit of a muddle with these files; I can't seem to find the one I need.","muddle through; get into a muddle","Social"
"obdurate","/ˈɒbdjərət/","adj.","obdurately","頑固的；冷酷無情的","Despite our many pleas, the manager remained obdurate and refused to change his mind.","obdurate character; obdurate refusal","Workplace"
"odious","/ˈəʊdiəs/","adj.","odiously","可惡的；令人討厭的","The criminal's actions were described as truly odious by the judge during the trial.","odious crime; odious person","Social"
"presage","/ˈpresɪdʒ/","v. / n.","presaged, presaging","預示；預兆","Many economists believe that the current market volatility might presage a major recession.","presage disaster; presage change","Academic"
"rancid","/ˈrænsɪd/","adj.","rancidity","（油或肉）腐臭的；不新鮮的","Don't use that butter; it smells rancid and's probably been sitting out for too long.","rancid smell; go rancid","Social"
"resplendent","/rɪˈsplendənt/","adj.","resplendently","燦爛的；華麗的","The bride looked resplendent in her white silk gown as she walked down the aisle.","resplendent beauty; resplendent in gold","Social"
"rivulet","/ˈrɪvjələt/","n.","rivulets","小溪；細流","Tiny rivulets of sweat began to trickle down his face as he ran the final mile.","rivulet of water; small rivulet","Academic"
"obtrude","/əbˈtruːd/","v.","obtruded, obtruding","強加；闖入；使過分顯眼","I didn't want to obtrude on their conversation, so I just waited for them to finish.","obtrude one's views; obtrude on someone","Social"
"spurious","/ˈspjʊəriəs/","adj.","spuriously","假的；偽造的；站不住腳的","The scientist's claims were dismissed as spurious after other labs failed to replicate the results.","spurious argument; spurious claim","Academic"
"stilted","/ˈstɪltɪd/","adj.","stiltedly","（舉止或寫作風格）生硬的；不自然的","The dialogue in the play felt a bit stilted and didn't sound like how people actually talk.","stilted language; stilted manner","Social"
"temerity","/təˈmerəti/","n.","-","魯莽；大膽；冒失","I can't believe he had the temerity to ask for a raise after being late every day this week.","have the temerity to; show temerity","Social"
"abysmal","/əˈbɪzməl/","adj.","abysmally","極壞的；糟透了的","The quality of the service at that restaurant was truly abysmal; we're never going back.","abysmal failure; abysmal conditions","Social"
"atypical","/ˌeɪˈtɪpɪkl/","adj.","atypically","非典型的；異常的","The unusually warm weather in December is quite atypical for this part of the country.","atypical behavior; atypical case","Academic"
"blasphemy","/ˈblæsfəmi/","n.","blasphemies","褻瀆；大逆不道的言行","In some cultures, criticizing religious leaders is seen as a serious form of blasphemy.","commit blasphemy; charge of blasphemy","Academic"
"credulity","/krəˈdjuːləti/","n.","-","輕信；易受騙","The scam relied on the credulity of elderly people who weren't familiar with new technology.","strain one's credulity; exploit credulity","Social"
"entreat","/ɪnˈtriːt/","v.","entreated, entreating","懇求；請求","She began to entreat her parents to let her go on the school trip with her friends.","entreat someone to; earnestly entreat","Social"
"insalubrious","/ˌɪnsəˈluːbriəs/","adj.","-","不健康的；不衛生的","The living conditions in the overcrowded slums were described as truly insalubrious.","insalubrious climate; insalubrious environment","Academic"
"malaise","/məˈleɪz/","n.","malaises","身體不適；（社會的）萎靡不振","The country's currently suffering from a general sense of economic and social malaise.","general malaise; feel a malaise","Academic"
"multifarious","/ˌmʌltɪˈfeəriəs/","adj.","-","多種多樣的；繁雜的","The university offers multifarious courses ranging from ancient history to modern physics.","multifarious activities; multifarious tasks","Academic"
"obtuse","/əbˈtjuːs/","adj.","obtusely","愚鈍的；（角）鈍的","I'm not trying to be obtuse, but I honestly don't understand how this new system works.","obtuse angle; intentionally obtuse","Social"
"penury","/ˈpenjəri/","n.","-","貧困；赤貧","After the war, many families who were once wealthy were suddenly living in penury.","live in penury; escape penury","Social"
"plutocracy","/pluːˈtɒkrəsi/","n.","plutocracies","財閥政治；富豪統治","Critics argue that the country's becoming a plutocracy where only the wealthy have a voice.","modern plutocracy; rule of plutocracy","Academic"
"preemptive","/priˈemptɪv/","adj.","preemptively","先發制人的","The military launched a preemptive strike to destroy the enemy's missile sites.","preemptive move; preemptive action","Workplace"
"quizzical","/ˈkwɪzɪkl/","adj.","quizzically","詫異的；滑稽逗趣的","He gave me a quizzical look when I told him that I'd decided to quit my job.","quizzical expression; quizzical smile","Social"
"turncoat","/ˈtɜːrnkəʊt/","n.","turncoats","背叛者；變節者","He was labeled a turncoat by his former party members after he joined the opposition.","political turncoat; branded a turncoat","Social"
"browbeat","/ˈbraʊbiːt/","v.","browbeat, browbeaten, browbeating","恫嚇；嚇唬","Don't let them browbeat you into accepting a deal that's not in your best interest.","browbeat into submission; try to browbeat","Social"
"incorrigible","/ɪnˈkɒrɪdʒəbl/","adj.","incorrigibly","屢教不改的；無可救藥的","He's an incorrigible gambler who just can't seem to stay away from the casinos.","incorrigible liar; incorrigible flirt","Social"
"jest","/dʒest/","n. / v.","jests, jested, jesting","笑話；玩笑","I said it in jest, but I think he might've actually taken it quite personally.","spoken in jest; many a true word is spoken in jest","Social"
"misnomer","/ˌmɪsˈnəʊmər/","n.","misnomers","使用不當名稱；取名不當","The name 'Grand Hotel' is a bit of a misnomer, as it's actually quite small and old.","complete misnomer; popular misnomer","Social"
"pallid","/ˈpælɪd/","adj.","pallidly","蒼白的；無血色的；病態的","He looked quite pallid after the long flight, so we made him go straight to bed.","pallid complexion; pallid light","Social"
"philistine","/ˈfɪlɪstaɪn/","n. / adj.","philistines","不懂藝術的人；沒有文化修養的人","I'm a bit of a philistine when it comes to modern art; I just don't really get it.","cultural philistine; philistine attitude","Social"
"imponderable","/ɪmˈpɒndərəbl/","adj. / n.","imponderables","無法衡量的；不可預測的事物","There're too many imponderable factors to make an accurate prediction about the economy.","imponderable risk; imponderable question","Academic"
"quagmire","/ˈkwæɡmaɪər/","n.","quagmires","泥沼；困境","The legal case has turned into a bureaucratic quagmire that could drag on for years.","political quagmire; legal quagmire","Workplace"
"adumbrate","/ˈædəmbreɪt/","v.","adumbrated, adumbrating","勾畫輪廓；預示","The professor's opening remarks served to adumbrate the main themes of the entire course.","adumbrate a plan; adumbrated ideas","Academic"
"bilk","/bɪlk/","v.","bilked, bilking","詐騙；欺騙","They tried to bilk the investors out of millions of dollars through a complex offshore scheme.","bilk someone of; be bilked out of","Legal"
"dirge","/dɜːrdʒ/","n.","dirges","哀歌；輓歌","The music they played at the funeral was a slow, mournful dirge that made everyone cry.","funeral dirge; lonely dirge","Social"
"prurient","/ˈprʊəriənt/","adj.","pruriently","好色的；淫穢的","The book was criticized for its unnecessary and prurient focus on the characters' private lives.","prurient interest; prurient curiosity","Social"
"wily","/ˈwaɪli/","adj.","wilier, wiliest","狡猾的；詭計多端的","He's a wily old politician who always seems to know exactly how to stay in power.","wily opponent; wily fox","Social"
"kerfuffle","/kəˈfʌfl/","n.","kerfuffles","吵鬧；混亂","There was a bit of a kerfuffle at the airport when the flights were suddenly cancelled.","minor kerfuffle; cause a kerfuffle","Social"
"fume","/fjuːm/","v. / n.","fumed, fuming","憤怒；煙霧","My boss's still fuming about the lost contract, so I'd stay away from him today.","toxic fumes; fume with rage","Social"
"strident","/ˈstraɪdnt/","adj.","stridently","刺耳的；強硬的","The organization's been criticized for its strident opposition to any form of compromise.","strident voice; strident tone","Academic"
"bellwether","/ˈbelweðər/","n.","bellwethers","領頭羊；風向標","This specific region's often seen as a bellwether for how the rest of the country will vote.","economic bellwether; political bellwether","Academic"
"bombast","/ˈbɒmbæst/","n.","-","浮誇的言語；大話","His speech was full of empty bombast but lacked any real substance or concrete plans.","political bombast; empty bombast","Social"
"garrison","/ˈɡærɪsn/","n. / v.","garrisons, garrisoned, garrisoning","駐軍；要塞","The remote outpost was garrisoned by a small group of soldiers who were cut off from help.","garrison town; permanent garrison","Academic"
"skirmish","/ˈskɜːrmɪʃ/","n. / v.","skirmishes, skirmished, skirmishing","小衝突；小規模戰鬥","There was a brief skirmish between the two groups of protestors outside the city hall.","border skirmish; minor skirmish","Social"
"subvert","/səbˈvɜːrt/","v.","subverted, subverting","顛覆；破壞（體制或權威）","The rebels were accused of trying to subvert the government and establish a dictatorship.","subvert authority; subvert the system","Academic"
"internment","/ɪnˈtɜːrnmənt/","n.","-","拘留；收容","The history books detail the internment of thousands of citizens during the world war.","internment camp; mass internment","Academic"
"clout","/klaʊt/","n. / v.","clouts, clouted, clouting","影響力；權力；猛擊","He has a lot of political clout in the city, so he can usually get things done quickly.","political clout; global clout","Workplace"
"bludgeon","/ˈblʌdʒən/","v. / n.","bludgeoned, bludgeoning","猛擊；強迫","The management tried to bludgeon the workers into accepting the new, lower pay scale.","bludgeon someone into; blunt bludgeon","Social"
"ascertain","/ˌæsəˈteɪn/","v.","ascertained, ascertaining","查明；確定","The police are still trying to ascertain the exact cause of the accident last night.","ascertain the facts; ascertain the truth","Academic"
"vandal","/ˈvændl/","n.","vandals","故意破壞公物者","Vandals broke into the school over the weekend and spray-painted graffiti all over the walls.","mindless vandal; act of a vandal","Social"
"shutter","/ˈʃʌtər/","v. / n.","shuttered, shuttering","關上；停止營業","Many small businesses were forced to shutter their doors permanently during the pandemic.","shutter a factory; roll-up shutter","Workplace"
"topple","/ˈtɒpl/","v.","toppled, toppling","推翻；倒塌","The military coup successfully managed to topple the government in just a few days.","topple a leader; topple over","Academic"
"teeter","/ˈtiːtər/","v.","teetered, teetering","搖搖欲墜；蹣跚","The country's economy's currently teetering on the edge of a complete collapse.","teeter on the brink; teeter along","Academic"
"rejoinder","/rɪˈdʒɔɪndər/","n.","rejoinders","回答；反駁","She always has a witty rejoinder ready, no matter what kind of question you ask her.","quick rejoinder; sharp rejoinder","Social"
"insurrection","/ˌɪnsəˈrekʃn/","n.","insurrections","起義；造反","The government moved quickly to suppress the armed insurrection before it could spread.","lead an insurrection; violent insurrection","Academic"
"fray","/freɪ/","v. / n.","frayed, fraying","磨損；（情緒）變得緊張","Tempers began to fray as the negotiations dragged on into the early hours of the morning.","fray at the edges; nerves fray","Social"
"fizzle","/ˈfɪzl/","v. / n.","fizzled, fizzling","逐漸結束；告吹","The protest started with hundreds of people, but it slowly began to fizzle out as it rained.","fizzle out; a complete fizzle","Social"
"gobbledygook","/ˈɡɒbldigʊk/","n.","-","官樣文章；冗長且費解的文字","The new tax forms are just full of legal gobbledygook that nobody can understand.","legal gobbledygook; bureaucratic gobbledygook","Social"
"hash","/hæʃ/","v. / n.","hashed, hashing","把…搞亂；切碎","The committee managed to make a complete hash of the new project schedule.","make a hash of; hash out the details","Workplace"
"outbid","/ˌaʊtˈbɪd/","v.","outbid, outbidding","出價高於","A private collector managed to outbid the national museum for the rare painting.","outbid a rival; be outbid","Workplace"
"grimace","/ˈɡrɪməs/","n. / v.","grimaced, grimacing","怪相；臉部扭曲","He gave a slight grimace of pain as the nurse cleaned the wound on his leg.","grimace in pain; painful grimace","Social"
"metaverse","/ˈmetəvɜːrs/","n.","metaverses","元宇宙","Tech companies are investing billions to build their own versions of the metaverse.","explore the metaverse; metaverse platform","Academic"
"divisive","/dɪˈvaɪsɪv/","adj.","divisively","引起分歧的","The proposed new law has become a deeply divisive issue within the local community.","divisive issue; divisive personality","Academic"
"bipartisan","/ˌbaɪˈpɑːrtɪzn/","adj.","-","兩黨支持的","The bill received strong bipartisan support and passed quickly through the Senate.","bipartisan agreement; bipartisan committee","Academic"
"totter","/ˈtɒtər/","v.","tottered, tottering","踉蹌；搖搖欲墜","The economy's currently tottering on the brink of a major financial crisis.","totter along; tottering regime","Academic"
"diaspora","/daɪˈæspərə/","n.","diasporas","大移居；流散的人群","The city's home to a large Irish diaspora that celebrates its heritage every year.","global diaspora; diaspora community","Academic"
"glitzy","/ˈɡlɪtsi/","adj.","glitzier, glitziest","浮華的；耀眼的","The award ceremony was a glitzy affair attended by hundreds of famous celebrities.","glitzy event; glitzy lifestyle","Social"
"patrilocal","/ˌpætriˈləʊkl/","adj.","-","（婚後）居於夫家的","In some traditional patrilocal societies, a bride moves in with her husband's family.","patrilocal marriage; patrilocal culture","Academic"
"dichotomy","/daɪˈkɒtəmi/","n.","dichotomies","一分為二；對立","There's often a sharp dichotomy between what politicians say and what they actually do.","false dichotomy; sharp dichotomy","Academic"
"ropy","/ˈrəʊpi/","adj.","ropier, ropiest","狀況差的；糟透的","I'm feeling a bit ropy today, so I think I'll just stay in bed and rest.","look ropy; feel ropy","Social"
"bequeath","/bɪˈkwiːð/","v.","bequeathed, bequeathing","遺贈；傳下","In his will, he decided to bequeath his entire collection of rare books to the library.","bequeath property; bequeath to posterity","Legal"
"purveyor","/pərˈveɪər/","n.","purveyors","供應商；傳播者","The company's a major purveyor of organic produce to high-end restaurants in the city.","purveyor of goods; purveyor of lies","Workplace"
"subjugate","/ˈsʌbdʒʊɡeɪt/","v.","subjugated, subjugating","征服；使服從","The ancient empire worked to subjugate all the neighboring tribes through military force.","subjugate a people; be subjugated","Academic"
"skewed","/skjuːd/","adj.","-","歪斜的；有偏差的","The survey results were skewed because only people with strong opinions responded.","skewed perspective; skewed data","Academic"
"brooding","/ˈbruːdɪŋ/","adj.","-","憂心忡忡的；沉思的","There was a brooding silence in the room as everyone waited for the test results.","brooding atmosphere; brooding look","Social"
"tit-for-tat","/ˌtɪt fər ˈtæt/","n. / adj.","-","針鋒相對；一報還一報","The two countries're engaged in a tit-for-tat trade war, raising tariffs on each other.","tit-for-tat retaliation; tit-for-tat strategy","Academic"
"divvy up","/ˌdɪvi ˈʌp/","v.","divvied up, divvying up","分派；分攤","The team decided to divvy up the workload so that everyone had a fair share.","divvy up the profits; divvy up the tasks","Workplace"
"scruple","/ˈskruːpl/","n. / v.","scruples, scrupled, scrupling","顧忌；顧慮","He has no scruples about lying to his friends if it helps him get what he wants.","moral scruples; without scruple","Social"
"prism","/ˈprɪzəm/","n.","prisms","稜鏡；視角","We must view these historical events through the prism of modern social values.","through the prism of; glass prism","Academic"
"harp on about","/hɑːrp ɒn əˈbaʊt/","ph.","harped on about, harping on about","嘮叨；反覆談論","I wish he'd stop harping on about his old car; nobody really cares anymore.","stop harping on; harp on about the past","Social"
"proliferate","/prəˈlɪfəreɪt/","v.","proliferated, proliferating","激增；擴散","Fast-food restaurants've begun to proliferate in the city center over the last decade.","proliferate rapidly; cells proliferate","Academic"
"rust belt","/ˈrʌst belt/","n.","-","鏽帶（工業衰退地區）","Many cities in the rust belt're struggling to attract new industries and jobs.","rust belt states; declining rust belt","Academic"
"hubris","/ˈhjuːbrɪs/","n.","-","傲慢；自大","The CEO's hubris eventually led to the company's downfall when he ignored all warnings.","tragic hubris; display hubris","Academic"
"unipolar","/ˌjuːnɪˈpəʊlər/","adj.","-","單極的","After the end of the Cold War, the world was often seen as a unipolar system.","unipolar world; unipolar power","Academic"
"augur","/ˈɔːɡər/","v.","augured, auguring","預示；是…的預兆","The recent drop in unemployment figures augurs well for the country's economic future.","augur well; augur ill","Academic"
"mire","/ˈmaɪər/","n. / v.","mired, miring","泥沼；困境；使陷入","The project's been mired in bureaucratic delays for months and shows no sign of moving.","mired in controversy; stuck in the mire","Workplace"
"despot","/ˈdespɒt/","n.","despots","專制者；暴君","The country was ruled by a ruthless despot who suppressed all forms of opposition.","enlightened despot; cruel despot","Academic"
"fumble","/ˈfʌmbl/","v. / n.","fumbled, fumbling","笨手笨腳地做；摸索","I had to fumble around in my bag for several minutes before I finally found my keys.","fumble for words; fumble with a lock","Social"
"panopticon","/pænˈɒptɪkən/","n.","panopticons","全景監獄；圓形監獄","Foucault used the panopticon as a metaphor for the way modern societies monitor and control citizens.","model panopticon; circular panopticon","Academic"
"pedant","/ˈpednt/","n.","pedants","迂腐的學者；書呆子","He's such a pedant that he'll stop a conversation just to correct someone's grammar.","academic pedant; tireless pedant","Social"
"omniscient","/ɒmˈnɪsiənt/","adj.","omniscience","全知的；無所不在的","In some religions, God is viewed as an omniscient being who knows all things past and future.","omniscient narrator; seemingly omniscient","Academic"
"chemogenetic","/ˌkiːməʊdʒəˈnetɪk/","adj.","-","化學遺傳學的","The researchers used chemogenetic tools to selectively activate specific neurons in the brain.","chemogenetic approach; chemogenetic activation","Academic"
"unfathomable","/ʌnˈfæðəməbl/","adj.","unfathomably","深不可測的；難以理解的","The reasons for his sudden disappearance remain entirely unfathomable to his family and friends.","unfathomable mystery; unfathomable depth","Academic"
"tandem","/ˈtændəm/","n. / adv.","tandems","一前一後；串聯；協力","The two organizations're working in tandem to provide aid to the victims of the disaster.","in tandem with; work in tandem","Workplace"
"skitter around","/ˈskɪtər əˈraʊnd/","ph.","skittered around, skittering around","快速移動；敏捷跑動","The tiny crab started to skitter around on the sand as soon as we let it go.","skitter around the floor; skitter about","Social"
"endocrinology","/ˌendəʊkrɪˈnɒlədʒi/","n.","-","內分泌學","She decided to specialize in endocrinology to study how hormones affect human behavior.","study endocrinology; clinical endocrinology","Academic"
"prosaic","/prəʊˈzeɪɪk/","adj.","prosaically","平淡無奇的；缺乏想像力的","I wanted a romantic proposal, but he kept it pretty prosaic, just asking over dinner.","prosaic life; prosaic style","Social"
"imperious","/ɪmˈpɪəriəs/","adj.","imperiously","專橫的；傲慢的","The CEO's imperious manner made it difficult for anyone to disagree with his decisions.","imperious tone; imperious command","Workplace"
"founder","/ˈfaʊndər/","v. / n.","founded, founding","沉沒；失敗；創立者","The project began to founder when it ran out of funding halfway through the year.","founder on rocks; project founders","Academic"
"flail","/fleɪl/","v.","flailed, flailing","亂動；揮動（手臂）","The swimmer began to flail around in the water when he realized he was out too deep.","flail one's arms; flail about","Social"
"curtail","/kɜːrˈteɪl/","v.","curtailed, curtailing","縮減；削減","The school's been forced to curtail its extracurricular programs due to budget cuts.","curtail spending; curtail activities","Workplace"
"disentangle","/ˌdɪsɪnˈtæŋɡl/","v.","disentangled, disentangling","解開；使脫離","It took hours for the researchers to disentangle the complex web of data they'd collected.","disentangle the truth; disentangle from","Academic"
"median","/ˈmiːdiən/","n. / adj.","medians","中位數；中間的","The report shows that the median household income has stayed flat over the last decade.","median age; calculate the median","Academic"
"debauch","/dɪˈbɔːtʃ/","v. / n.","debauched, debauching","使墮落；敗壞","Critics argued that the film's intended to debauch the morals of the younger generation.","debauched lifestyle; act of debauchery","Social"
"foal","/fəʊl/","n. / v.","foals, foaled, foaling","小馬；產下小馬","The mare's expected to foal sometime next month, so we're keeping a close eye on her.","newborn foal; mare in foal","Social"
"wishy-washy","/ˈwɪʃiwɒʃi/","adj.","-","平淡無奇的；不堅定的","He gave a wishy-washy answer when asked if he supported the new policy or not.","wishy-washy character; wishy-washy colors","Social"
"telenovela","/ˌtelənəˈvelə/","n.","telenovelas","電視小說劇；肥皂劇","She spends every evening watching her favorite Spanish telenovela after she gets home.","popular telenovela; watch telenovelas","Social"
"flummox","/ˈflʌməks/","v.","flummoxed, flummoxing","使困惑；使不知所措","The reporter's difficult questions seemed to completely flummox the politician.","be flummoxed by; flummoxing problem","Social"
"cryptocurrency","/ˈkrɪptəʊkʌrənsi/","n.","cryptocurrencies","加密貨幣","Many investors're now diversifying their portfolios by including various cryptocurrencies.","invest in cryptocurrency; cryptocurrency market","Academic"
"decarbonization","/ˌdiːkɑːrbənaɪˈzeɪʃn/","n.","-","去碳化","The international agreement focuses on the rapid decarbonization of the global energy sector.","path to decarbonization; promote decarbonization","Academic"
"apocryphal","/əˈpɒkrɪfl/","adj.","-","可疑的；不足為信的","The story about him saving a kitten from a tree is likely apocryphal, but people still tell it.","apocryphal tale; apocryphal story","Social"
"arboreal","/ɑːrˈbɔːriəl/","adj.","-","樹棲的；樹木的","Researchers're studying the arboreal habits of specific species of monkeys in the Amazon.","arboreal species; arboreal lifestyle","Academic"
"carouse","/kəˈraʊz/","v.","caroused, carousing","暢飲作樂","The group of friends spent the entire night carousing in the bars near the harbor.","night of carousing; go carousing","Social"
"contusion","/kənˈtjuːʒn/","n.","contusions","瘀傷；挫傷","The athlete suffered a deep contusion on his leg after a collision during the game.","minor contusion; severe contusion","Academic"
"contravene","/ˌkɒntrəˈviːn/","v.","contravened, contravening","違反；抵觸（法律等）","The company's actions were found to contravene several international environmental laws.","contravene a regulation; contravene the law","Legal"
"defunct","/dɪˈfʌŋkt/","adj.","-","失靈的；已廢止的；不存在的","The factory's been defunct for over twenty years and's now being turned into apartments.","defunct company; defunct laws","Workplace"
"epistolary","/ɪˈpɪstələri/","adj.","-","書信體的","The novel's written in an epistolary style, consisting of letters between two friends.","epistolary novel; epistolary tradition","Academic"
"interlocutor","/ˌɪntəˈlɒkjətər/","n.","interlocutors","對話者；代言人","The diplomat acted as the main interlocutor between the two warring factions.","key interlocutor; official interlocutor","Academic"
"inure","/ɪˈnjʊər/","v.","inured, inuring","使習慣於（不快的事物）","Growing up in a busy city can inure you to the constant noise of traffic and sirens.","inure someone to; become inured","Social"
"inveterate","/ɪnˈvetərət/","adj.","inveterately","積習難改的；根深蒂固的","He's an inveterate liar who can't seem to tell the truth even about the smallest things.","inveterate smoker; inveterate gambler","Social"
"mawkish","/ˈmɔːkɪʃ/","adj.","mawkishly","無病呻吟的；感傷到令人討厭的","I found the movie's ending to be a bit too mawkish and sentimental for my taste.","mawkish sentimentality; mawkish tone","Social"
"multifarious","/ˌmʌltɪˈfeəriəs/","adj.","-","各式各樣的；多方面的","The project requires someone who can handle multifarious tasks and coordinate with different teams.","multifarious activities; multifarious duties","Workplace"
"pert","/pɜːrt/","adj.","perter, pertest","小巧玲瓏的；俏皮的；失禮的","She gave him a pert answer that made everyone in the room laugh, but him.","pert nose; pert remark","Social"
"prurient","/ˈpʊəriənt/","adj.","pruriently","好色的；淫穢的","The magazine was criticized for its prurient focus on the scandals of famous celebrities.","prurient interest; prurient curiosity","Social"
"pulchritude","/ˈpʌlkrɪtjuːd/","n.","-","美麗；標緻","The poet wrote numerous sonnets celebrating the pulchritude of his beloved's face.","classic pulchritude; physical pulchritude","Academic"
"puerile","/ˈpjuːəraɪl/","adj.","puerilely","幼稚的；傻氣的","I'm tired of his puerile jokes that aren't even funny to anyone over the age of ten.","puerile behavior; puerile humor","Social"
"pettifogging","/ˈpetifɒɡɪŋ/","adj.","-","吹毛求疵的；斤斤計較的","The project was delayed by pettifogging bureaucrats who insisted on following every minor rule.","pettifogging details; pettifogging lawyers","Workplace"
"sobriety","/səˈbraɪəti/","n.","-","清醒；莊重；嚴肅","The driver had to take a field sobriety test after being pulled over by the police.","strict sobriety; period of sobriety","Social"
"solipsism","/ˈsɒlɪpsɪzəm/","n.","-","唯我論","In philosophy, solipsism is the theory that only the self can be proved to exist.","philosophical solipsism; danger of solipsism","Academic"
"staid","/steɪd/","adj.","staidly","古板的；嚴肅的；無趣的","The company's trying to change its staid image to attract a younger and more diverse workforce.","staid appearance; staid surroundings","Workplace"
"tome","/təʊm/","n.","tomes","巨著；大部頭的書","The professor spent decades writing a three-volume tome on the history of ancient Rome.","weighty tome; massive tome","Academic"
"vituperate","/vɪˈtjuːpəreɪt/","v.","vituperated, vituperating","謾罵；辱罵","The editorial began to vituperate the government for its complete failure to address the crisis.","vituperate against; severely vituperate","Social"
"belie","/bɪˈlaɪ/","v.","belied, belying","掩飾；與…不符","His calm, relaxed manner belies the fact that he's actually under a lot of stress.","belie expectations; belie one's age","Social"
"adulation","/ˌædʒuˈleɪʃn/","n.","-","吹捧；諂媚","The young actor seemed uncomfortable with the constant adulation of his obsessed fans.","lavish adulation; receive adulation","Social"
"feckless","/ˈfekləs/","adj.","fecklessly","無能的；無效的；不負責任的","The main character in the story is a feckless drunk who can't seem to hold down a job.","feckless leader; feckless attempt","Social"
"respite","/ˈrespɪt/","n. / v.","respited, respiting","暫時的中止；（死刑的）緩期執行","The rain provided a brief respite from the scorching heat that had lasted all week.","brief respite; without respite","Social"
"jejune","/dʒɪˈdʒuːn/","adj.","jejunely","幼稚的；枯燥無味的","I found his arguments to be quite jejune and lacking in any real depth or complexity.","jejune style; jejune observation","Academic"
"sedulous","/ˈsedjələs/","adj.","sedulously","勤奮的；刻苦的","The researchers were sedulous in their efforts to double-check every single piece of data.","sedulous attention; sedulous worker","Academic"
"titular","/ˈtɪtjulər/","adj.","titularly","名義上的；有名無實的","The queen's the titular head of state, but the real power lies with the prime minister.","titular ruler; titular role","Academic"
"attrition","/əˈtrɪʃn/","n.","-","耗損；削減；磨損","The company's struggling to deal with high rates of staff attrition in its call centers.","rate of attrition; war of attrition","Workplace"
"encomium","/enˈkəʊmiəm/","n.","encomiums","讚辭；頌辭","The retired professor received a glowing encomium from his former students and colleagues.","deliver an encomium; write an encomium","Academic"
"temperance","/ˈtempərəns/","n.","-","節制；（特別是）戒酒","The movement promoted temperance and argued that alcohol was the root of all social problems.","temperance movement; act of temperance","Academic"
"quotidian","/kwəʊˈtɪdiən/","adj.","-","日常的；平常的","The movie captures the quotidian details of life in a small town during the 1950s.","quotidian existence; quotidian tasks","Social"
"perfidy","/ˈpɜːrfədi/","n.","perfidies","背信棄義；不忠","The story details the hero's struggle against the perfidy of his closest childhood friend.","act of perfidy; blatant perfidy","Social"
"outstrip","/ˌaʊtˈstrɪp/","v.","outstripped, outstripping","超過；勝過","Demand for the new smartphone is expected to outstrip supply within the first few days.","outstrip competitors; outstrip growth","Workplace"
"mendacity","/menˈdæsəti/","n.","mendacities","謊言；虛假；說謊成性","The politician was criticized for his blatant mendacity and constant shifting of facts.","habitual mendacity; track record of mendacity","Social"
"intransigent","/ɪnˈtrænzɪdʒənt/","adj.","intransigence","固執的；不妥協的","The negotiations failed because both sides remained intransigent and refused to move.","intransigent attitude; remain intransigent","Workplace"
"insular","/ˈɪnsjələr/","adj.","insularity","狹隘的；與世隔絕的；島國的","Growing up in such an insular community made it difficult for him to adapt to city life.","insular world; insular thinking","Social"
"rookery","/ˈrʊkəri/","n.","rookeries","棲息地；築巢地","The researchers spent the summer observing the large penguin rookery on the remote island.","penguin rookery; breeding rookery","Academic"
"caribou","/ˈkærɪbuː/","n.","caribou","北美馴鹿","Indigenous groups in the Arctic have relied on the annual migration of caribou for centuries.","herd of caribou; caribou hunting","Academic"
"bankroll","/ˈbæŋkrəʊl/","v. / n.","bankrolled, bankrolling","資助；提供資金","The project was bankrolled by a group of private investors who saw its potential.","bankroll a campaign; secure a bankroll","Workplace"
"taper","/ˈteɪpər/","v. / n.","tapered, tapering","使一端逐漸變窄；逐漸減少","The rain began to taper off in the late afternoon, allowing us to go outside.","taper off; tapered end","Social"
"grapple","/ˈɡræpl/","v.","grappled, grappling","搏鬥；格鬥；努力解決（問題）","The government's struggling to grapple with the rising costs of healthcare and education.","grapple with a problem; grapple for control","Workplace"
"draconian","/drəˈkəʊniən/","adj.","-","嚴厲的；酷苛的","The organization criticized the new regulations as being draconian and unnecessary.","draconian measures; draconian laws","Legal"
"thuggish","/ˈθʌɡɪʃ/","adj.","thuggishly","兇狠的；暴徒般的","He was condemned for his thuggish behavior and use of violence against protestors.","thuggish tactics; thuggish appearance","Social"
"vexing","/ˈveksɪŋ/","adj.","vexingly","令人煩惱的；使人惱火的","The persistent noise from the neighboring construction site's become quite vexing.","vexing problem; vexing issue","Social"
"boon","/buːn/","n.","-","恩惠；福音；大利益","The new highway's been a real boon to local businesses, bringing in thousands of tourists.","be a boon to; great boon","Social"
"take umbrage","/teɪk ˈʌmbrɪdʒ/","ph.","took umbrage, taken umbrage","生氣；惱怒","He took umbrage at the suggestion that his work wasn't up to the required standard.","take umbrage at; quick to take umbrage","Social"
"tussle with","/ˈtʌsl wɪð/","ph.","tussled with, tussling with","爭辯；扭打；努力處理","The committee's been tussling with the budget for weeks but hasn't reached a decision yet.","tussle with a decision; brief tussle","Workplace"
"invariant","/ɪnˈveəriənt/","adj. / n.","invariants","不變的；恆定的；不變量","In many physical systems, the total amount of energy remains invariant over time.","invariant property; mathematical invariant","Academic"
"perquisite","/ˈpɜːrkwɪzɪt/","n.","perquisites","額外補貼；津貼（特別是職務上的）","One of the perquisites of the job's a company car and a private health insurance plan.","job perquisites; usual perquisites","Workplace"
"whirly","/ˈwɜːrli/","adj.","-","旋轉的；旋風的","The children watched the whirly seeds falling from the trees like tiny helicopters.","whirly motion; whirly wind","Social"
"supplant","/səˈplænt/","v.","supplanted, supplanting","取代；替代","Printed books've not been entirely supplanted by e-books, as many people predicted.","supplant a rival; be supplanted by","Academic"
"paroxysm","/ˈpærəksɪzəm/","n.","paroxysms","（感情的）爆發；（病）週期性發作","He was suddenly overcome by a paroxysm of coughing that lasted for several minutes.","paroxysm of rage; paroxysm of laughter","Academic"
"upend","/ʌpˈend/","v.","upended, upending","倒放；顛倒；徹底改變","The discovery of the new fossils has the potential to upend current theories of evolution.","upend the market; be upended","Academic"
"braconid","/ˈbrækənɪd/","n. / adj.","braconids","小繭蜂；繭蜂科的","Braconid wasps're often used in biological control to manage pest populations in farming.","braconid wasp; parasitic braconid","Academic"
"quixotic","/kwɪkˈsɒtɪk/","adj.","quixotically","不切實際的；異想天開的","His quixotic plan to sail around the world in a tiny boat was met with skepticism.","quixotic quest; quixotic ideal","Social"
